timestamp_utc,measurement,field,value
2026-09-12T23:10:24.215545Z,fase,value_text,NOTTE_ATTIVA_inizio
2026-09-12T23:10:25.366301Z,clima_temp_partenza_motivo,value_text,temperatura BME al letto all'avvio
2026-09-12T23:10:25.491069Z,clima_accendi_motivo,value_text,"BME 25.04 - 1.5 = 23.54 -> setpoint 23.5 (floor 21.0, vent 4)"
2026-09-12T23:10:25.706006Z,audio_avvia_motivo,value_text,rumore bianco pre-sonno
2026-09-12T23:10:25.760053Z,fase,value_text,tramonto_inizio
2026-09-12T23:10:25.782856Z,fase,value_text,monitoraggio_sonno_inizio
2026-09-12T23:10:25.789257Z,fase,value_text,fase_notte_termostato
2026-09-12T23:10:25.798352Z,sonno_non_osservabile,value_text,AWAKE
2026-09-12T23:10:26.650292Z,sonno_non_osservabile_motivo,value_text,pochi campioni distanza (1)
2026-09-12T23:10:26.739559Z,sonno_stato_rilevatore,value_text,UNOBSERVABLE
2026-09-12T23:10:27.75985Z,luci_tramonto_start,value_text,bri=100
2026-09-12T23:10:27.794743Z,luci_tramonto_start_motivo,value_text,ambra 40%
2026-09-12T23:11:05.277896Z,sonno_segnale_recuperato_movimento,value_text,POSSIBLE_AWAKE
2026-09-12T23:11:05.485436Z,sonno_segnale_recuperato_movimento_motivo,value_text,IQR distanza alto (17.2cm)
2026-09-12T23:11:25.281071Z,sonno_stato_rilevatore,value_text,POSSIBLE_AWAKE
2026-09-12T23:12:15.306161Z,sonno_movimento_nel_sonno,value_text,ASLEEP
2026-09-12T23:12:15.523391Z,sonno_movimento_nel_sonno_motivo,value_text,movimento terminato prima di 90s; fermo: dist med=63.1cm IQR=5.7cm p10-p90=11.5cm shift=5.7cm; RR non plausibile 1.0
2026-09-12T23:12:25.313914Z,sonno_stato_rilevatore,value_text,ASLEEP
2026-09-12T23:13:25.340821Z,sonno_stato_rilevatore,value_text,ASLEEP
2026-09-12T23:14:25.363509Z,sonno_stato_rilevatore,value_text,ASLEEP
2026-09-12T23:15:25.402726Z,sonno_stato_rilevatore,value_text,ASLEEP
2026-09-12T23:16:25.443369Z,sonno_stato_rilevatore,value_text,ASLEEP
2026-09-12T23:17:25.490936Z,sonno_stato_rilevatore,value_text,ASLEEP
2026-09-12T23:18:25.535171Z,sonno_stato_rilevatore,value_text,ASLEEP
2026-09-12T23:18:45.596802Z,sonno_possible_awake,value_text,movimento
2026-09-12T23:18:46.54885Z,sonno_possible_awake_motivo,value_text,movimento durante il sonno; range distanza p10-p90 alto (17.2cm)
2026-09-12T23:19:25.587441Z,sonno_stato_rilevatore,value_text,POSSIBLE_AWAKE
2026-09-12T23:19:40.630051Z,sonno_movimento_nel_sonno,value_text,ASLEEP
2026-09-12T23:19:40.641996Z,sonno_movimento_nel_sonno_motivo,value_text,movimento terminato prima di 90s; fermo: dist med=74.6cm IQR=0.0cm p10-p90=11.5cm shift=0.0cm; RR non recente (38s)
2026-09-12T23:20:25.645838Z,sonno_stato_rilevatore,value_text,ASLEEP
2026-09-12T23:21:25.68494Z,sonno_stato_rilevatore,value_text,ASLEEP
2026-09-12T23:22:25.739591Z,sonno_stato_rilevatore,value_text,ASLEEP
2026-09-12T23:23:00.933095Z,luci_spegni_motivo,value_text,spegnimento reale
2026-09-12T23:23:00.96555Z,fase,value_text,tramonto_fine
2026-09-12T23:23:26.174638Z,sonno_stato_rilevatore,value_text,ASLEEP
2026-09-12T23:24:25.849621Z,sonno_stato_rilevatore,value_text,ASLEEP
2026-09-12T23:24:45.870328Z,sonno_possible_awake,value_text,movimento
2026-09-12T23:24:45.915534Z,sonno_possible_awake_motivo,value_text,movimento durante il sonno; IQR distanza alto (11.5cm)
2026-09-12T23:25:05.894742Z,sonno_movimento_nel_sonno,value_text,ASLEEP
2026-09-12T23:25:05.903585Z,sonno_movimento_nel_sonno_motivo,value_text,movimento terminato prima di 90s; fermo: dist med=68.9cm IQR=5.7cm p10-p90=11.5cm shift=5.7cm; RR non plausibile 1.0
2026-09-12T23:25:25.897865Z,sonno_stato_rilevatore,value_text,ASLEEP
2026-09-12T23:26:25.940697Z,sonno_stato_rilevatore,value_text,ASLEEP
2026-09-12T23:27:05.971443Z,sonno_non_osservabile,value_text,ASLEEP
2026-09-12T23:27:05.986289Z,sonno_non_osservabile_motivo,value_text,target assente
2026-09-12T23:27:15.988253Z,sonno_segnale_recuperato_movimento,value_text,POSSIBLE_AWAKE
2026-09-12T23:27:16.051887Z,sonno_segnale_recuperato_movimento_motivo,value_text,IQR distanza alto (11.5cm)
2026-09-12T23:27:25.994645Z,sonno_stato_rilevatore,value_text,POSSIBLE_AWAKE
2026-09-12T23:27:46.016106Z,sonno_movimento_nel_sonno,value_text,ASLEEP
2026-09-12T23:27:46.090415Z,sonno_movimento_nel_sonno_motivo,value_text,movimento terminato prima di 90s; fermo: dist med=80.4cm IQR=5.7cm p10-p90=11.5cm shift=0.0cm; RR non plausibile 1.0
2026-09-12T23:28:26.042892Z,sonno_stato_rilevatore,value_text,ASLEEP
2026-09-12T23:29:25.410271Z,clima_spegni_motivo,value_text,BME 23.5<=target
2026-09-12T23:29:26.100021Z,sonno_stato_rilevatore,value_text,ASLEEP
2026-09-12T23:30:26.143878Z,sonno_stato_rilevatore,value_text,ASLEEP
2026-09-12T23:31:26.197404Z,sonno_stato_rilevatore,value_text,ASLEEP
2026-09-12T23:32:26.249032Z,sonno_stato_rilevatore,value_text,ASLEEP
2026-09-12T23:33:26.285741Z,sonno_stato_rilevatore,value_text,ASLEEP
2026-09-12T23:34:26.331422Z,sonno_stato_rilevatore,value_text,ASLEEP
2026-09-12T23:35:26.368598Z,sonno_stato_rilevatore,value_text,ASLEEP
2026-09-12T23:36:26.409645Z,sonno_stato_rilevatore,value_text,ASLEEP
2026-09-12T23:37:26.451236Z,sonno_stato_rilevatore,value_text,ASLEEP
2026-09-12T23:38:26.494009Z,sonno_stato_rilevatore,value_text,ASLEEP
2026-09-12T23:39:26.541117Z,sonno_stato_rilevatore,value_text,ASLEEP
2026-09-12T23:40:25.304038Z,audio_ferma_motivo,value_text,fine pre-sonno
2026-09-12T23:40:25.370033Z,audio_timeout_motivo,value_text,rumore bianco fermato dopo 30 min senza sleep onset
2026-09-12T23:40:26.585343Z,sonno_stato_rilevatore,value_text,ASLEEP
2026-09-12T23:41:16.619238Z,sonno_possible_awake,value_text,movimento
2026-09-12T23:41:16.626516Z,sonno_possible_awake_motivo,value_text,movimento durante il sonno; IQR distanza alto (11.5cm)
2026-09-12T23:41:26.628205Z,sonno_stato_rilevatore,value_text,POSSIBLE_AWAKE
2026-09-12T23:41:36.636434Z,sonno_movimento_nel_sonno,value_text,ASLEEP
2026-09-12T23:41:36.643997Z,sonno_movimento_nel_sonno_motivo,value_text,movimento terminato prima di 90s; fermo: dist med=74.6cm IQR=5.7cm p10-p90=11.5cm shift=5.7cm; RR plausibile 14.0
2026-09-12T23:42:26.673533Z,sonno_stato_rilevatore,value_text,ASLEEP
2026-09-12T23:43:26.716422Z,sonno_possible_awake,value_text,movimento
2026-09-12T23:43:26.72414Z,sonno_possible_awake_motivo,value_text,movimento durante il sonno; IQR distanza alto (11.5cm)
2026-09-12T23:43:26.730374Z,sonno_stato_rilevatore,value_text,POSSIBLE_AWAKE
2026-09-12T23:43:36.725942Z,sonno_movimento_nel_sonno,value_text,ASLEEP
2026-09-12T23:43:36.733956Z,sonno_movimento_nel_sonno_motivo,value_text,movimento terminato prima di 90s; fermo: dist med=80.4cm IQR=5.7cm p10-p90=11.5cm shift=5.7cm; RR plausibile 14.0
2026-09-12T23:44:26.765248Z,sonno_stato_rilevatore,value_text,ASLEEP
2026-09-12T23:45:26.807961Z,sonno_stato_rilevatore,value_text,ASLEEP
2026-09-12T23:46:26.85035Z,sonno_stato_rilevatore,value_text,ASLEEP
2026-09-12T23:47:26.894552Z,sonno_stato_rilevatore,value_text,ASLEEP
2026-09-12T23:48:26.946852Z,sonno_stato_rilevatore,value_text,ASLEEP
2026-09-12T23:49:26.997951Z,sonno_stato_rilevatore,value_text,ASLEEP
2026-09-12T23:50:27.051822Z,sonno_stato_rilevatore,value_text,ASLEEP
2026-09-12T23:51:27.100343Z,sonno_stato_rilevatore,value_text,ASLEEP
2026-09-12T23:52:27.144742Z,sonno_stato_rilevatore,value_text,ASLEEP
2026-09-12T23:53:27.190866Z,sonno_stato_rilevatore,value_text,ASLEEP
2026-09-12T23:54:27.243206Z,sonno_stato_rilevatore,value_text,ASLEEP
2026-09-12T23:55:27.288869Z,sonno_stato_rilevatore,value_text,ASLEEP
2026-09-12T23:56:27.336904Z,sonno_stato_rilevatore,value_text,ASLEEP
2026-09-12T23:57:27.384609Z,sonno_stato_rilevatore,value_text,ASLEEP
2026-09-12T23:58:27.439541Z,sonno_stato_rilevatore,value_text,ASLEEP
2026-09-12T23:59:27.487943Z,sonno_stato_rilevatore,value_text,ASLEEP
2026-09-13T00:00:27.773359Z,sonno_stato_rilevatore,value_text,ASLEEP
2026-09-13T00:01:27.578394Z,sonno_stato_rilevatore,value_text,ASLEEP
2026-09-13T00:02:25.892041Z,clima_riaccendi_motivo,value_text,"BME 24.5>=target+1.0, passati >=30 min dallo spegnimento"
2026-09-13T00:02:27.621372Z,sonno_stato_rilevatore,value_text,ASLEEP
2026-09-13T00:03:27.682404Z,sonno_stato_rilevatore,value_text,ASLEEP
2026-09-13T00:04:27.723945Z,sonno_stato_rilevatore,value_text,ASLEEP
2026-09-13T00:05:27.748608Z,sonno_stato_rilevatore,value_text,ASLEEP
2026-09-13T00:06:27.792088Z,sonno_stato_rilevatore,value_text,ASLEEP
2026-09-13T00:07:27.83621Z,sonno_stato_rilevatore,value_text,ASLEEP
2026-09-13T00:08:27.883629Z,sonno_stato_rilevatore,value_text,ASLEEP
2026-09-13T00:09:27.92209Z,sonno_stato_rilevatore,value_text,ASLEEP
2026-09-13T00:10:27.975069Z,sonno_stato_rilevatore,value_text,ASLEEP
2026-09-13T00:11:28.022981Z,sonno_stato_rilevatore,value_text,ASLEEP
2026-09-13T00:12:28.081096Z,sonno_stato_rilevatore,value_text,ASLEEP
2026-09-13T00:13:28.113615Z,sonno_stato_rilevatore,value_text,ASLEEP
2026-09-13T00:14:28.164174Z,sonno_stato_rilevatore,value_text,ASLEEP
2026-09-13T00:15:28.210028Z,sonno_stato_rilevatore,value_text,ASLEEP
2026-09-13T00:15:58.240344Z,sonno_possible_awake,value_text,movimento
2026-09-13T00:15:58.276239Z,sonno_possible_awake_motivo,value_text,movimento durante il sonno; IQR distanza alto (11.5cm)
2026-09-13T00:16:28.268223Z,sonno_movimento_nel_sonno,value_text,ASLEEP
2026-09-13T00:16:28.276332Z,sonno_movimento_nel_sonno_motivo,value_text,movimento terminato prima di 90s; fermo: dist med=80.4cm IQR=5.7cm p10-p90=11.5cm shift=0.0cm; RR plausibile 13.0
2026-09-13T00:16:28.287185Z,sonno_stato_rilevatore,value_text,ASLEEP
2026-09-13T00:17:28.320308Z,sonno_stato_rilevatore,value_text,ASLEEP
2026-09-13T00:18:28.373106Z,sonno_stato_rilevatore,value_text,ASLEEP
2026-09-13T00:18:58.391626Z,sonno_non_osservabile,value_text,ASLEEP
2026-09-13T00:18:58.420393Z,sonno_non_osservabile_motivo,value_text,target assente
2026-09-13T00:19:08.403395Z,sonno_segnale_recuperato_movimento,value_text,POSSIBLE_AWAKE
2026-09-13T00:19:08.409447Z,sonno_segnale_recuperato_movimento_motivo,value_text,range distanza p10-p90 alto (74.6cm)
2026-09-13T00:19:28.414449Z,sonno_stato_rilevatore,value_text,POSSIBLE_AWAKE
2026-09-13T00:20:08.44442Z,sonno_movimento_nel_sonno,value_text,ASLEEP
2026-09-13T00:20:08.452374Z,sonno_movimento_nel_sonno_motivo,value_text,movimento terminato prima di 90s; fermo: dist med=74.6cm IQR=0.0cm p10-p90=11.5cm shift=0.0cm; RR non plausibile 1.0
2026-09-13T00:20:28.454103Z,sonno_stato_rilevatore,value_text,ASLEEP
2026-09-13T00:21:28.504163Z,sonno_stato_rilevatore,value_text,ASLEEP
2026-09-13T00:22:28.544288Z,sonno_stato_rilevatore,value_text,ASLEEP
2026-09-13T00:23:25.861441Z,clima_spegni_motivo,value_text,BME 23.5<=target
2026-09-13T00:23:28.588914Z,sonno_stato_rilevatore,value_text,ASLEEP
2026-09-13T00:24:28.638943Z,sonno_stato_rilevatore,value_text,ASLEEP
2026-09-13T00:25:28.688679Z,sonno_stato_rilevatore,value_text,ASLEEP
2026-09-13T00:26:28.738116Z,sonno_stato_rilevatore,value_text,ASLEEP
2026-09-13T00:26:48.757071Z,sonno_possible_awake,value_text,movimento
2026-09-13T00:26:48.764498Z,sonno_possible_awake_motivo,value_text,movimento durante il sonno; range distanza p10-p90 alto (17.2cm)
2026-09-13T00:27:28.789033Z,sonno_stato_rilevatore,value_text,POSSIBLE_AWAKE
2026-09-13T00:27:38.797412Z,sonno_movimento_nel_sonno,value_text,ASLEEP
2026-09-13T00:27:38.80715Z,sonno_movimento_nel_sonno_motivo,value_text,movimento terminato prima di 90s; fermo: dist med=86.1cm IQR=5.7cm p10-p90=11.5cm shift=0.0cm; RR plausibile 19.0
2026-09-13T00:28:28.841872Z,sonno_stato_rilevatore,value_text,ASLEEP
2026-09-13T00:29:28.890369Z,sonno_stato_rilevatore,value_text,ASLEEP
2026-09-13T00:30:28.936389Z,sonno_stato_rilevatore,value_text,ASLEEP
2026-09-13T00:31:28.973721Z,sonno_stato_rilevatore,value_text,ASLEEP
2026-09-13T00:32:29.0147Z,sonno_stato_rilevatore,value_text,ASLEEP
2026-09-13T00:33:29.065285Z,sonno_stato_rilevatore,value_text,ASLEEP
2026-09-13T00:34:29.093894Z,sonno_stato_rilevatore,value_text,ASLEEP
2026-09-13T00:35:19.13874Z,sonno_non_osservabile,value_text,ASLEEP
2026-09-13T00:35:19.151603Z,sonno_non_osservabile_motivo,value_text,target assente
2026-09-13T00:35:29.148784Z,sonno_stato_rilevatore,value_text,UNOBSERVABLE
2026-09-13T00:36:29.19355Z,sonno_segnale_recuperato_movimento,value_text,POSSIBLE_AWAKE
2026-09-13T00:36:29.207432Z,sonno_segnale_recuperato_movimento_motivo,value_text,range distanza p10-p90 alto (86.1cm)
2026-09-13T00:36:29.22342Z,sonno_stato_rilevatore,value_text,POSSIBLE_AWAKE
2026-09-13T00:36:39.20641Z,sonno_movimento_nel_sonno,value_text,ASLEEP
2026-09-13T00:36:39.214077Z,sonno_movimento_nel_sonno_motivo,value_text,movimento terminato prima di 90s; fermo: dist med=86.1cm IQR=0.0cm p10-p90=0.0cm shift=0.0cm; RR plausibile 14.0
2026-09-13T00:37:29.232459Z,sonno_stato_rilevatore,value_text,ASLEEP
2026-09-13T00:37:39.241076Z,sonno_possible_awake,value_text,movimento
2026-09-13T00:37:39.248927Z,sonno_possible_awake_motivo,value_text,movimento durante il sonno; cambio posizione persistente (8.6cm)
2026-09-13T00:38:09.256587Z,sonno_non_osservabile,value_text,POSSIBLE_AWAKE
2026-09-13T00:38:09.266315Z,sonno_non_osservabile_motivo,value_text,target assente
2026-09-13T00:38:29.270622Z,sonno_stato_rilevatore,value_text,UNOBSERVABLE
2026-09-13T00:39:29.293748Z,sonno_stato_rilevatore,value_text,UNOBSERVABLE
2026-09-13T00:40:29.32787Z,sonno_stato_rilevatore,value_text,UNOBSERVABLE
2026-09-13T00:40:39.336343Z,sonno_segnale_recuperato_movimento,value_text,POSSIBLE_AWAKE
2026-09-13T00:40:39.34492Z,sonno_segnale_recuperato_movimento_motivo,value_text,range distanza p10-p90 alto (97.6cm)
2026-09-13T00:40:49.344855Z,sonno_movimento_nel_sonno,value_text,ASLEEP
2026-09-13T00:40:49.350665Z,sonno_movimento_nel_sonno_motivo,value_text,movimento terminato prima di 90s; fermo: dist med=97.6cm IQR=0.0cm p10-p90=0.0cm shift=0.0cm; RR non recente (63s)
2026-09-13T00:41:29.365367Z,sonno_stato_rilevatore,value_text,ASLEEP
2026-09-13T00:41:59.392953Z,sonno_non_osservabile,value_text,ASLEEP
2026-09-13T00:41:59.400322Z,sonno_non_osservabile_motivo,value_text,target assente
2026-09-13T00:42:09.402021Z,sonno_segnale_recuperato,value_text,ASLEEP
2026-09-13T00:42:09.428106Z,sonno_segnale_recuperato_motivo,value_text,radar recuperato senza evidenza di risveglio; fermo: dist med=97.6cm IQR=0.0cm p10-p90=5.7cm shift=0.0cm; RR plausibile 10.0
2026-09-13T00:42:29.416818Z,sonno_stato_rilevatore,value_text,ASLEEP
2026-09-13T00:43:29.45174Z,sonno_stato_rilevatore,value_text,ASLEEP
2026-09-13T00:44:29.496926Z,sonno_stato_rilevatore,value_text,ASLEEP
2026-09-13T00:45:29.551085Z,sonno_stato_rilevatore,value_text,ASLEEP
2026-09-13T00:46:29.610043Z,sonno_stato_rilevatore,value_text,ASLEEP
2026-09-13T00:47:29.657181Z,sonno_stato_rilevatore,value_text,ASLEEP
2026-09-13T00:48:29.712243Z,sonno_stato_rilevatore,value_text,ASLEEP
2026-09-13T00:49:09.742532Z,sonno_possible_awake,value_text,movimento
2026-09-13T00:49:09.752597Z,sonno_possible_awake_motivo,value_text,movimento durante il sonno; IQR distanza alto (11.5cm)
2026-09-13T00:49:30.013206Z,sonno_stato_rilevatore,value_text,POSSIBLE_AWAKE
2026-09-13T00:49:39.763382Z,sonno_movimento_nel_sonno,value_text,ASLEEP
2026-09-13T00:49:39.770193Z,sonno_movimento_nel_sonno_motivo,value_text,movimento terminato prima di 90s; fermo: dist med=91.8cm IQR=5.7cm p10-p90=11.5cm shift=5.7cm; RR plausibile 24.0
2026-09-13T00:49:49.773251Z,sonno_possible_awake,value_text,movimento
2026-09-13T00:49:49.780304Z,sonno_possible_awake_motivo,value_text,movimento durante il sonno; range distanza p10-p90 alto (17.2cm)
2026-09-13T00:50:09.79018Z,sonno_movimento_nel_sonno,value_text,ASLEEP
2026-09-13T00:50:09.79707Z,sonno_movimento_nel_sonno_motivo,value_text,movimento terminato prima di 90s; fermo: dist med=91.8cm IQR=5.7cm p10-p90=5.7cm shift=5.7cm; RR plausibile 14.0
2026-09-13T00:50:29.801891Z,sonno_stato_rilevatore,value_text,ASLEEP
2026-09-13T00:50:39.812552Z,sonno_possible_awake,value_text,movimento
2026-09-13T00:50:39.823254Z,sonno_possible_awake_motivo,value_text,movimento durante il sonno; IQR distanza alto (11.5cm)
2026-09-13T00:50:49.816239Z,sonno_movimento_nel_sonno,value_text,ASLEEP
2026-09-13T00:50:49.822918Z,sonno_movimento_nel_sonno_motivo,value_text,movimento terminato prima di 90s; fermo: dist med=91.8cm IQR=5.7cm p10-p90=11.5cm shift=5.7cm; RR plausibile 7.0
2026-09-13T00:51:19.824984Z,sonno_non_osservabile,value_text,ASLEEP
2026-09-13T00:51:19.832721Z,sonno_non_osservabile_motivo,value_text,target assente
2026-09-13T00:51:29.834806Z,sonno_segnale_recuperato,value_text,ASLEEP
2026-09-13T00:51:29.842552Z,sonno_segnale_recuperato_motivo,value_text,radar recuperato senza evidenza di risveglio; fermo: dist med=86.1cm IQR=0.0cm p10-p90=5.7cm shift=0.0cm; RR plausibile 13.0
2026-09-13T00:51:29.848715Z,sonno_stato_rilevatore,value_text,ASLEEP
2026-09-13T00:51:59.859552Z,sonno_possible_awake,value_text,movimento
2026-09-13T00:51:59.867136Z,sonno_possible_awake_motivo,value_text,movimento durante il sonno; range distanza p10-p90 alto (86.1cm)
2026-09-13T00:52:09.867528Z,sonno_non_osservabile,value_text,POSSIBLE_AWAKE
2026-09-13T00:52:09.875237Z,sonno_non_osservabile_motivo,value_text,target assente
2026-09-13T00:52:29.884168Z,sonno_stato_rilevatore,value_text,UNOBSERVABLE
2026-09-13T00:53:09.91146Z,sonno_segnale_recuperato,value_text,ASLEEP
2026-09-13T00:53:09.918641Z,sonno_segnale_recuperato_motivo,value_text,radar recuperato senza evidenza di risveglio; fermo: dist med=86.1cm IQR=0.0cm p10-p90=0.0cm shift=0.0cm; RR plausibile 16.0
2026-09-13T00:53:29.930633Z,sonno_stato_rilevatore,value_text,ASLEEP
2026-09-13T00:54:29.983754Z,sonno_stato_rilevatore,value_text,ASLEEP
2026-09-13T00:55:30.036896Z,sonno_stato_rilevatore,value_text,ASLEEP
2026-09-13T00:56:30.082441Z,sonno_stato_rilevatore,value_text,ASLEEP
2026-09-13T00:57:30.127643Z,sonno_stato_rilevatore,value_text,ASLEEP
2026-09-13T00:58:30.169511Z,sonno_stato_rilevatore,value_text,ASLEEP
2026-09-13T00:59:30.208242Z,sonno_stato_rilevatore,value_text,ASLEEP
2026-09-13T01:00:30.241295Z,sonno_stato_rilevatore,value_text,ASLEEP
2026-09-13T01:01:26.141415Z,clima_riaccendi_motivo,value_text,"BME 24.5>=target+1.0, passati >=30 min dallo spegnimento"
2026-09-13T01:01:30.38781Z,sonno_stato_rilevatore,value_text,ASLEEP
2026-09-13T01:02:30.331571Z,sonno_stato_rilevatore,value_text,ASLEEP
2026-09-13T01:03:30.371301Z,sonno_stato_rilevatore,value_text,ASLEEP
2026-09-13T01:04:30.423307Z,sonno_stato_rilevatore,value_text,ASLEEP
2026-09-13T01:05:30.475783Z,sonno_stato_rilevatore,value_text,ASLEEP
2026-09-13T01:06:30.534265Z,sonno_stato_rilevatore,value_text,ASLEEP
2026-09-13T01:07:30.574621Z,sonno_stato_rilevatore,value_text,ASLEEP
2026-09-13T01:08:30.616671Z,sonno_stato_rilevatore,value_text,ASLEEP
2026-09-13T01:09:30.671172Z,sonno_stato_rilevatore,value_text,ASLEEP
2026-09-13T01:10:30.721762Z,sonno_stato_rilevatore,value_text,ASLEEP
2026-09-13T01:11:30.772893Z,sonno_stato_rilevatore,value_text,ASLEEP
2026-09-13T01:12:30.80774Z,sonno_stato_rilevatore,value_text,ASLEEP
2026-09-13T01:13:30.861361Z,sonno_stato_rilevatore,value_text,ASLEEP
2026-09-13T01:14:30.895474Z,sonno_stato_rilevatore,value_text,ASLEEP
2026-09-13T01:15:30.940829Z,sonno_stato_rilevatore,value_text,ASLEEP
2026-09-13T01:16:00.96118Z,sonno_possible_awake,value_text,movimento
2026-09-13T01:16:00.968075Z,sonno_possible_awake_motivo,value_text,movimento durante il sonno; range distanza p10-p90 alto (17.2cm)
2026-09-13T01:16:30.980881Z,sonno_stato_rilevatore,value_text,POSSIBLE_AWAKE
2026-09-13T01:16:40.992837Z,sonno_movimento_nel_sonno,value_text,ASLEEP
2026-09-13T01:16:41.02243Z,sonno_movimento_nel_sonno_motivo,value_text,movimento terminato prima di 90s; fermo: dist med=74.6cm IQR=5.7cm p10-p90=11.5cm shift=0.0cm; RR non recente (38s)
2026-09-13T01:17:11.009109Z,sonno_possible_awake,value_text,movimento
2026-09-13T01:17:11.036846Z,sonno_possible_awake_motivo,value_text,movimento durante il sonno; range distanza p10-p90 alto (17.2cm)
2026-09-13T01:17:31.029073Z,sonno_stato_rilevatore,value_text,POSSIBLE_AWAKE
2026-09-13T01:18:21.061602Z,sonno_non_osservabile,value_text,POSSIBLE_AWAKE
2026-09-13T01:18:21.069609Z,sonno_non_osservabile_motivo,value_text,target assente
2026-09-13T01:18:31.0736Z,sonno_stato_rilevatore,value_text,UNOBSERVABLE
2026-09-13T01:19:31.113987Z,sonno_stato_rilevatore,value_text,UNOBSERVABLE
2026-09-13T01:20:31.162151Z,sonno_stato_rilevatore,value_text,UNOBSERVABLE
2026-09-13T01:21:26.283667Z,clima_spegni_motivo,value_text,BME 23.5<=target
2026-09-13T01:21:31.195559Z,sonno_stato_rilevatore,value_text,UNOBSERVABLE
2026-09-13T01:22:31.248152Z,sonno_stato_rilevatore,value_text,UNOBSERVABLE
2026-09-13T01:23:31.282842Z,sonno_stato_rilevatore,value_text,UNOBSERVABLE
2026-09-13T01:23:41.291605Z,sonno_segnale_recuperato_movimento,value_text,POSSIBLE_AWAKE
2026-09-13T01:23:41.298979Z,sonno_segnale_recuperato_movimento_motivo,value_text,range distanza p10-p90 alto (80.4cm)
2026-09-13T01:24:01.295889Z,sonno_non_osservabile,value_text,POSSIBLE_AWAKE
2026-09-13T01:24:01.303454Z,sonno_non_osservabile_motivo,value_text,target assente
2026-09-13T01:24:31.324311Z,sonno_stato_rilevatore,value_text,UNOBSERVABLE
2026-09-13T01:25:31.359431Z,sonno_stato_rilevatore,value_text,UNOBSERVABLE
2026-09-13T01:26:31.401701Z,sonno_stato_rilevatore,value_text,UNOBSERVABLE
2026-09-13T01:27:31.433216Z,sonno_stato_rilevatore,value_text,UNOBSERVABLE
2026-09-13T01:28:31.472253Z,sonno_stato_rilevatore,value_text,UNOBSERVABLE
2026-09-13T01:29:01.501295Z,sonno_segnale_recuperato_movimento,value_text,POSSIBLE_AWAKE
2026-09-13T01:29:01.5103Z,sonno_segnale_recuperato_movimento_motivo,value_text,range distanza p10-p90 alto (86.1cm)
2026-09-13T01:29:31.521529Z,sonno_stato_rilevatore,value_text,POSSIBLE_AWAKE
2026-09-13T01:30:21.555454Z,sonno_movimento_nel_sonno,value_text,ASLEEP
2026-09-13T01:30:21.579835Z,sonno_movimento_nel_sonno_motivo,value_text,movimento terminato prima di 90s; fermo: dist med=103.3cm IQR=5.7cm p10-p90=5.7cm shift=5.7cm; RR plausibile 16.0
2026-09-13T01:30:31.557847Z,sonno_stato_rilevatore,value_text,ASLEEP
2026-09-13T01:31:31.604262Z,sonno_stato_rilevatore,value_text,ASLEEP
2026-09-13T01:32:31.65554Z,sonno_stato_rilevatore,value_text,ASLEEP
2026-09-13T01:33:31.691162Z,sonno_stato_rilevatore,value_text,ASLEEP
2026-09-13T01:33:41.698954Z,sonno_possible_awake,value_text,movimento
2026-09-13T01:33:41.706277Z,sonno_possible_awake_motivo,value_text,movimento durante il sonno; IQR distanza alto (11.5cm)
2026-09-13T01:33:51.709351Z,sonno_movimento_nel_sonno,value_text,ASLEEP
2026-09-13T01:33:51.717533Z,sonno_movimento_nel_sonno_motivo,value_text,movimento terminato prima di 90s; fermo: dist med=103.3cm IQR=5.7cm p10-p90=11.5cm shift=5.7cm; RR non plausibile 1.0
2026-09-13T01:34:31.739627Z,sonno_stato_rilevatore,value_text,ASLEEP
2026-09-13T01:35:01.754256Z,sonno_possible_awake,value_text,movimento
2026-09-13T01:35:01.761683Z,sonno_possible_awake_motivo,value_text,movimento durante il sonno; IQR distanza alto (11.5cm)
2026-09-13T01:35:31.782713Z,sonno_movimento_nel_sonno,value_text,ASLEEP
2026-09-13T01:35:31.789654Z,sonno_movimento_nel_sonno_motivo,value_text,movimento terminato prima di 90s; fermo: dist med=109.1cm IQR=5.7cm p10-p90=11.5cm shift=5.7cm; RR plausibile 22.0
2026-09-13T01:35:31.796349Z,sonno_stato_rilevatore,value_text,ASLEEP
2026-09-13T01:36:31.82923Z,sonno_stato_rilevatore,value_text,ASLEEP
2026-09-13T01:37:31.880131Z,sonno_stato_rilevatore,value_text,ASLEEP
2026-09-13T01:38:31.93184Z,sonno_stato_rilevatore,value_text,ASLEEP
2026-09-13T01:39:31.977111Z,sonno_stato_rilevatore,value_text,ASLEEP
2026-09-13T01:40:32.022809Z,sonno_stato_rilevatore,value_text,ASLEEP
2026-09-13T01:41:32.052936Z,sonno_stato_rilevatore,value_text,ASLEEP
2026-09-13T01:42:32.10685Z,sonno_stato_rilevatore,value_text,ASLEEP
2026-09-13T01:43:32.158704Z,sonno_stato_rilevatore,value_text,ASLEEP
2026-09-13T01:44:32.200334Z,sonno_stato_rilevatore,value_text,ASLEEP
2026-09-13T01:45:32.240083Z,sonno_stato_rilevatore,value_text,ASLEEP
2026-09-13T01:46:32.289409Z,sonno_stato_rilevatore,value_text,ASLEEP
2026-09-13T01:47:32.341019Z,sonno_stato_rilevatore,value_text,ASLEEP
2026-09-13T01:48:32.397946Z,sonno_stato_rilevatore,value_text,ASLEEP
2026-09-13T01:49:32.443736Z,sonno_stato_rilevatore,value_text,ASLEEP
2026-09-13T01:50:12.478807Z,sonno_possible_awake,value_text,movimento
2026-09-13T01:50:12.486865Z,sonno_possible_awake_motivo,value_text,movimento durante il sonno; range distanza p10-p90 alto (23.0cm)
2026-09-13T01:50:32.596916Z,sonno_stato_rilevatore,value_text,POSSIBLE_AWAKE
2026-09-13T01:51:32.526085Z,sonno_stato_rilevatore,value_text,POSSIBLE_AWAKE
2026-09-13T01:51:42.529346Z,sonno_risveglio_movimento,value_text,90s
2026-09-13T01:51:42.555901Z,sonno_risveglio_movimento_motivo,value_text,movimento persistente; IQR distanza alto (11.5cm)
2026-09-13T01:52:32.5654Z,sonno_stato_rilevatore,value_text,AWAKE
2026-09-13T01:53:32.654718Z,sonno_stato_rilevatore,value_text,AWAKE
2026-09-13T01:53:42.665518Z,sonno_non_osservabile,value_text,AWAKE
2026-09-13T01:53:42.67403Z,sonno_non_osservabile_motivo,value_text,target assente
2026-09-13T01:54:32.701595Z,sonno_stato_rilevatore,value_text,UNOBSERVABLE
2026-09-13T01:55:12.732735Z,sonno_segnale_recuperato_movimento,value_text,POSSIBLE_AWAKE
2026-09-13T01:55:12.740719Z,sonno_segnale_recuperato_movimento_motivo,value_text,IQR distanza alto (86.1cm)
2026-09-13T01:55:32.746706Z,sonno_movimento_nel_sonno,value_text,ASLEEP
2026-09-13T01:55:32.757418Z,sonno_movimento_nel_sonno_motivo,value_text,movimento terminato prima di 90s; fermo: dist med=86.1cm IQR=5.7cm p10-p90=5.7cm shift=0.0cm; RR plausibile 16.0
2026-09-13T01:55:32.764494Z,sonno_stato_rilevatore,value_text,ASLEEP
2026-09-13T01:55:52.763994Z,sonno_possible_awake,value_text,movimento
2026-09-13T01:55:52.7723Z,sonno_possible_awake_motivo,value_text,movimento durante il sonno; range distanza p10-p90 alto (17.2cm)
2026-09-13T01:56:32.7897Z,sonno_non_osservabile,value_text,POSSIBLE_AWAKE
2026-09-13T01:56:32.799215Z,sonno_non_osservabile_motivo,value_text,target assente
2026-09-13T01:56:32.808974Z,sonno_stato_rilevatore,value_text,UNOBSERVABLE
2026-09-13T01:57:32.829825Z,sonno_stato_rilevatore,value_text,UNOBSERVABLE
2026-09-13T01:58:12.866142Z,sonno_segnale_recuperato_movimento,value_text,POSSIBLE_AWAKE
2026-09-13T01:58:12.873178Z,sonno_segnale_recuperato_movimento_motivo,value_text,range distanza p10-p90 alto (97.6cm)
2026-09-13T01:58:32.875523Z,sonno_stato_rilevatore,value_text,POSSIBLE_AWAKE
2026-09-13T01:59:02.887756Z,sonno_movimento_nel_sonno,value_text,ASLEEP
2026-09-13T01:59:02.895073Z,sonno_movimento_nel_sonno_motivo,value_text,movimento terminato prima di 90s; fermo: dist med=97.6cm IQR=0.0cm p10-p90=0.0cm shift=0.0cm; RR plausibile 23.0
2026-09-13T01:59:32.915053Z,sonno_stato_rilevatore,value_text,ASLEEP
2026-09-13T02:00:32.958839Z,sonno_stato_rilevatore,value_text,ASLEEP
2026-09-13T02:01:33.013035Z,sonno_stato_rilevatore,value_text,ASLEEP
2026-09-13T02:01:53.029631Z,sonno_possible_awake,value_text,movimento
2026-09-13T02:01:53.037855Z,sonno_possible_awake_motivo,value_text,movimento durante il sonno; range distanza p10-p90 alto (17.2cm)
2026-09-13T02:02:26.689793Z,clima_riaccendi_motivo,value_text,"BME 24.5>=target+1.0, passati >=30 min dallo spegnimento"
2026-09-13T02:02:33.068911Z,sonno_stato_rilevatore,value_text,POSSIBLE_AWAKE
2026-09-13T02:02:43.191561Z,sonno_movimento_nel_sonno,value_text,ASLEEP
2026-09-13T02:02:43.199076Z,sonno_movimento_nel_sonno_motivo,value_text,movimento terminato prima di 90s; fermo: dist med=86.1cm IQR=0.0cm p10-p90=11.5cm shift=0.0cm; RR plausibile 15.0
2026-09-13T02:03:33.104835Z,sonno_stato_rilevatore,value_text,ASLEEP
2026-09-13T02:04:33.168391Z,sonno_stato_rilevatore,value_text,ASLEEP
2026-09-13T02:05:33.213467Z,sonno_stato_rilevatore,value_text,ASLEEP
2026-09-13T02:06:33.262284Z,sonno_stato_rilevatore,value_text,ASLEEP
2026-09-13T02:07:33.308772Z,sonno_stato_rilevatore,value_text,ASLEEP
2026-09-13T02:08:33.347337Z,sonno_stato_rilevatore,value_text,ASLEEP
2026-09-13T02:09:33.389797Z,sonno_stato_rilevatore,value_text,ASLEEP
2026-09-13T02:10:33.43503Z,sonno_stato_rilevatore,value_text,ASLEEP
2026-09-13T02:11:03.457341Z,sonno_non_osservabile,value_text,ASLEEP
2026-09-13T02:11:03.465314Z,sonno_non_osservabile_motivo,value_text,target assente
2026-09-13T02:11:13.466578Z,sonno_segnale_recuperato_movimento,value_text,POSSIBLE_AWAKE
2026-09-13T02:11:13.474481Z,sonno_segnale_recuperato_movimento_motivo,value_text,range distanza p10-p90 alto (97.6cm)
2026-09-13T02:11:33.47508Z,sonno_stato_rilevatore,value_text,POSSIBLE_AWAKE
2026-09-13T02:11:53.492083Z,sonno_movimento_nel_sonno,value_text,ASLEEP
2026-09-13T02:11:53.5004Z,sonno_movimento_nel_sonno_motivo,value_text,movimento terminato prima di 90s; fermo: dist med=91.8cm IQR=5.7cm p10-p90=5.7cm shift=0.0cm; RR plausibile 14.0
2026-09-13T02:12:33.521528Z,sonno_stato_rilevatore,value_text,ASLEEP
2026-09-13T02:13:33.573816Z,sonno_stato_rilevatore,value_text,ASLEEP
2026-09-13T02:14:33.635985Z,sonno_stato_rilevatore,value_text,ASLEEP
2026-09-13T02:15:33.676347Z,sonno_stato_rilevatore,value_text,ASLEEP
2026-09-13T02:16:33.725868Z,sonno_stato_rilevatore,value_text,ASLEEP
2026-09-13T02:17:33.767179Z,sonno_stato_rilevatore,value_text,ASLEEP
2026-09-13T02:18:33.822167Z,sonno_stato_rilevatore,value_text,ASLEEP
2026-09-13T02:19:33.883805Z,sonno_stato_rilevatore,value_text,ASLEEP
2026-09-13T02:20:33.926113Z,sonno_stato_rilevatore,value_text,ASLEEP
2026-09-13T02:21:33.973281Z,sonno_stato_rilevatore,value_text,ASLEEP
2026-09-13T02:22:34.011578Z,sonno_stato_rilevatore,value_text,ASLEEP
2026-09-13T02:23:26.870502Z,clima_spegni_motivo,value_text,BME 23.5<=target
2026-09-13T02:23:34.053725Z,sonno_stato_rilevatore,value_text,ASLEEP
2026-09-13T02:24:34.104482Z,sonno_stato_rilevatore,value_text,ASLEEP
2026-09-13T02:25:34.149354Z,sonno_stato_rilevatore,value_text,ASLEEP
2026-09-13T02:26:34.188189Z,sonno_stato_rilevatore,value_text,ASLEEP
2026-09-13T02:27:34.25257Z,sonno_stato_rilevatore,value_text,ASLEEP
2026-09-13T02:28:34.278038Z,sonno_stato_rilevatore,value_text,ASLEEP
2026-09-13T02:28:54.280315Z,sonno_possible_awake,value_text,movimento
2026-09-13T02:28:54.286682Z,sonno_possible_awake_motivo,value_text,movimento durante il sonno; range distanza p10-p90 alto (17.2cm)
2026-09-13T02:29:04.289053Z,sonno_movimento_nel_sonno,value_text,ASLEEP
2026-09-13T02:29:04.296001Z,sonno_movimento_nel_sonno_motivo,value_text,movimento terminato prima di 90s; fermo: dist med=86.1cm IQR=5.7cm p10-p90=11.5cm shift=5.7cm; RR plausibile 20.0
2026-09-13T02:29:34.303765Z,sonno_possible_awake,value_text,movimento
2026-09-13T02:29:34.310644Z,sonno_possible_awake_motivo,value_text,movimento durante il sonno; IQR distanza alto (11.5cm)
2026-09-13T02:29:34.316838Z,sonno_stato_rilevatore,value_text,POSSIBLE_AWAKE
2026-09-13T02:29:54.323293Z,sonno_movimento_nel_sonno,value_text,ASLEEP
2026-09-13T02:29:54.332065Z,sonno_movimento_nel_sonno_motivo,value_text,movimento terminato prima di 90s; fermo: dist med=86.1cm IQR=5.7cm p10-p90=11.5cm shift=0.0cm; RR plausibile 16.0
2026-09-13T02:30:14.339976Z,sonno_possible_awake,value_text,movimento
2026-09-13T02:30:14.34825Z,sonno_possible_awake_motivo,value_text,movimento durante il sonno; range distanza p10-p90 alto (17.2cm)
2026-09-13T02:30:34.345011Z,sonno_stato_rilevatore,value_text,POSSIBLE_AWAKE
2026-09-13T02:30:54.364444Z,sonno_movimento_nel_sonno,value_text,ASLEEP
2026-09-13T02:30:54.373961Z,sonno_movimento_nel_sonno_motivo,value_text,movimento terminato prima di 90s; fermo: dist med=80.4cm IQR=5.7cm p10-p90=11.5cm shift=5.7cm; RR plausibile 19.0
2026-09-13T02:31:34.393925Z,sonno_stato_rilevatore,value_text,ASLEEP
2026-09-13T02:32:34.432264Z,sonno_stato_rilevatore,value_text,ASLEEP
2026-09-13T02:33:34.474998Z,sonno_stato_rilevatore,value_text,ASLEEP
2026-09-13T02:34:34.512836Z,sonno_stato_rilevatore,value_text,ASLEEP
2026-09-13T02:35:34.559357Z,sonno_stato_rilevatore,value_text,ASLEEP
2026-09-13T02:36:34.599484Z,sonno_stato_rilevatore,value_text,ASLEEP
2026-09-13T02:37:34.648582Z,sonno_stato_rilevatore,value_text,ASLEEP
2026-09-13T02:38:34.694115Z,sonno_stato_rilevatore,value_text,ASLEEP
2026-09-13T02:39:34.944598Z,sonno_stato_rilevatore,value_text,ASLEEP
2026-09-13T02:40:34.773495Z,sonno_stato_rilevatore,value_text,ASLEEP
2026-09-13T02:41:34.81987Z,sonno_stato_rilevatore,value_text,ASLEEP
2026-09-13T02:41:44.830498Z,sonno_non_osservabile,value_text,ASLEEP
2026-09-13T02:41:44.838601Z,sonno_non_osservabile_motivo,value_text,target assente
2026-09-13T02:42:34.865949Z,sonno_stato_rilevatore,value_text,UNOBSERVABLE
2026-09-13T02:42:44.879519Z,sonno_segnale_recuperato,value_text,ASLEEP
2026-09-13T02:42:44.887413Z,sonno_segnale_recuperato_motivo,value_text,radar recuperato senza evidenza di risveglio; fermo: dist med=74.6cm IQR=0.0cm p10-p90=5.7cm shift=0.0cm; RR plausibile 8.0
2026-09-13T02:43:34.914677Z,sonno_stato_rilevatore,value_text,ASLEEP
2026-09-13T02:44:34.96042Z,sonno_stato_rilevatore,value_text,ASLEEP
2026-09-13T02:45:35.008363Z,sonno_stato_rilevatore,value_text,ASLEEP
2026-09-13T02:46:35.044541Z,sonno_stato_rilevatore,value_text,ASLEEP
2026-09-13T02:47:35.088124Z,sonno_stato_rilevatore,value_text,ASLEEP
2026-09-13T02:48:35.138151Z,sonno_stato_rilevatore,value_text,ASLEEP
2026-09-13T02:49:35.191094Z,sonno_stato_rilevatore,value_text,ASLEEP
2026-09-13T02:50:35.231944Z,sonno_stato_rilevatore,value_text,ASLEEP
2026-09-13T02:51:35.28379Z,sonno_stato_rilevatore,value_text,ASLEEP
2026-09-13T02:52:05.310918Z,sonno_possible_awake,value_text,movimento
2026-09-13T02:52:05.319032Z,sonno_possible_awake_motivo,value_text,movimento durante il sonno; IQR distanza alto (11.5cm)
2026-09-13T02:52:35.315588Z,sonno_stato_rilevatore,value_text,POSSIBLE_AWAKE
2026-09-13T02:53:35.34931Z,sonno_non_osservabile,value_text,POSSIBLE_AWAKE
2026-09-13T02:53:35.357339Z,sonno_non_osservabile_motivo,value_text,target assente
2026-09-13T02:53:35.365511Z,sonno_stato_rilevatore,value_text,UNOBSERVABLE
2026-09-13T02:54:35.38648Z,sonno_segnale_recuperato_movimento,value_text,POSSIBLE_AWAKE
2026-09-13T02:54:35.395341Z,sonno_segnale_recuperato_movimento_motivo,value_text,range distanza p10-p90 alto (80.4cm)
2026-09-13T02:54:35.402295Z,sonno_stato_rilevatore,value_text,POSSIBLE_AWAKE
2026-09-13T02:54:45.382054Z,sonno_non_osservabile,value_text,POSSIBLE_AWAKE
2026-09-13T02:54:45.394764Z,sonno_non_osservabile_motivo,value_text,target assente
2026-09-13T02:55:35.393324Z,sonno_stato_rilevatore,value_text,UNOBSERVABLE
2026-09-13T02:56:35.438414Z,sonno_stato_rilevatore,value_text,UNOBSERVABLE
2026-09-13T02:57:35.487499Z,sonno_stato_rilevatore,value_text,UNOBSERVABLE
2026-09-13T02:58:35.560535Z,sonno_stato_rilevatore,value_text,UNOBSERVABLE
2026-09-13T02:59:35.586846Z,sonno_stato_rilevatore,value_text,UNOBSERVABLE
2026-09-13T03:00:35.633006Z,sonno_stato_rilevatore,value_text,UNOBSERVABLE
2026-09-13T03:01:35.674405Z,sonno_stato_rilevatore,value_text,UNOBSERVABLE
2026-09-13T03:02:35.725906Z,sonno_stato_rilevatore,value_text,UNOBSERVABLE
2026-09-13T03:03:35.769098Z,sonno_stato_rilevatore,value_text,UNOBSERVABLE
2026-09-13T03:04:35.819518Z,sonno_stato_rilevatore,value_text,UNOBSERVABLE
2026-09-13T03:04:55.840154Z,sonno_segnale_recuperato_movimento,value_text,POSSIBLE_AWAKE
2026-09-13T03:04:56.189859Z,sonno_segnale_recuperato_movimento_motivo,value_text,range distanza p10-p90 alto (68.9cm)
2026-09-13T03:05:05.843507Z,sonno_non_osservabile,value_text,POSSIBLE_AWAKE
2026-09-13T03:05:05.850609Z,sonno_non_osservabile_motivo,value_text,target assente
2026-09-13T03:05:35.86816Z,sonno_stato_rilevatore,value_text,UNOBSERVABLE
2026-09-13T03:06:35.910061Z,sonno_stato_rilevatore,value_text,UNOBSERVABLE
2026-09-13T03:07:35.959163Z,sonno_stato_rilevatore,value_text,UNOBSERVABLE
2026-09-13T03:07:45.96756Z,sonno_segnale_recuperato_movimento,value_text,POSSIBLE_AWAKE
2026-09-13T03:07:45.975619Z,sonno_segnale_recuperato_movimento_motivo,value_text,range distanza p10-p90 alto (68.9cm)
2026-09-13T03:07:55.970189Z,sonno_movimento_nel_sonno,value_text,ASLEEP
2026-09-13T03:07:55.97776Z,sonno_movimento_nel_sonno_motivo,value_text,movimento terminato prima di 90s; fermo: dist med=68.9cm IQR=0.0cm p10-p90=0.0cm shift=0.0cm; RR non recente (37s)
2026-09-13T03:08:36.005319Z,sonno_stato_rilevatore,value_text,ASLEEP
2026-09-13T03:09:27.209562Z,clima_riaccendi_motivo,value_text,"BME 24.5>=target+1.0, passati >=30 min dallo spegnimento"
2026-09-13T03:09:36.052636Z,sonno_stato_rilevatore,value_text,ASLEEP
2026-09-13T03:10:16.0857Z,sonno_possible_awake,value_text,movimento
2026-09-13T03:10:16.094022Z,sonno_possible_awake_motivo,value_text,movimento durante il sonno; IQR distanza alto (11.5cm)
2026-09-13T03:10:36.102966Z,sonno_stato_rilevatore,value_text,POSSIBLE_AWAKE
2026-09-13T03:10:46.104812Z,sonno_movimento_nel_sonno,value_text,ASLEEP
2026-09-13T03:10:46.112826Z,sonno_movimento_nel_sonno_motivo,value_text,movimento terminato prima di 90s; fermo: dist med=83.2cm IQR=5.7cm p10-p90=11.5cm shift=0.0cm; RR plausibile 18.0
2026-09-13T03:11:36.141824Z,sonno_stato_rilevatore,value_text,ASLEEP
2026-09-13T03:12:36.185444Z,sonno_stato_rilevatore,value_text,ASLEEP
2026-09-13T03:13:36.237055Z,sonno_stato_rilevatore,value_text,ASLEEP
2026-09-13T03:14:26.266539Z,sonno_possible_awake,value_text,movimento
2026-09-13T03:14:26.274205Z,sonno_possible_awake_motivo,value_text,movimento durante il sonno; range distanza p10-p90 alto (23.0cm)
2026-09-13T03:14:36.273895Z,sonno_stato_rilevatore,value_text,POSSIBLE_AWAKE
2026-09-13T03:15:36.326796Z,sonno_stato_rilevatore,value_text,POSSIBLE_AWAKE
2026-09-13T03:15:46.338978Z,sonno_movimento_nel_sonno,value_text,ASLEEP
2026-09-13T03:15:46.36047Z,sonno_movimento_nel_sonno_motivo,value_text,movimento terminato prima di 90s; fermo: dist med=86.1cm IQR=5.7cm p10-p90=11.5cm shift=2.9cm; RR plausibile 13.0
2026-09-13T03:16:36.379636Z,sonno_stato_rilevatore,value_text,ASLEEP
2026-09-13T03:17:16.40624Z,sonno_non_osservabile,value_text,ASLEEP
2026-09-13T03:17:16.417915Z,sonno_non_osservabile_motivo,value_text,target assente
2026-09-13T03:17:36.42347Z,sonno_stato_rilevatore,value_text,UNOBSERVABLE
2026-09-13T03:18:16.455029Z,sonno_segnale_recuperato_movimento,value_text,POSSIBLE_AWAKE
2026-09-13T03:18:16.463758Z,sonno_segnale_recuperato_movimento_motivo,value_text,range distanza p10-p90 alto (80.4cm)
2026-09-13T03:18:26.4631Z,sonno_movimento_nel_sonno,value_text,ASLEEP
2026-09-13T03:18:26.473287Z,sonno_movimento_nel_sonno_motivo,value_text,movimento terminato prima di 90s; fermo: dist med=80.4cm IQR=0.0cm p10-p90=5.7cm shift=0.0cm; RR plausibile 19.0
2026-09-13T03:18:36.473056Z,sonno_stato_rilevatore,value_text,ASLEEP
2026-09-13T03:18:56.485706Z,sonno_possible_awake,value_text,movimento
2026-09-13T03:18:56.495336Z,sonno_possible_awake_motivo,value_text,movimento durante il sonno; IQR distanza alto (11.5cm)
2026-09-13T03:19:36.51056Z,sonno_movimento_nel_sonno,value_text,ASLEEP
2026-09-13T03:19:36.526731Z,sonno_movimento_nel_sonno_motivo,value_text,movimento terminato prima di 90s; fermo: dist med=91.8cm IQR=5.7cm p10-p90=11.5cm shift=2.9cm; RR plausibile 17.0
2026-09-13T03:19:36.539819Z,sonno_stato_rilevatore,value_text,ASLEEP
2026-09-13T03:19:46.518942Z,sonno_possible_awake,value_text,movimento
2026-09-13T03:19:46.528642Z,sonno_possible_awake_motivo,value_text,movimento durante il sonno; range distanza p10-p90 alto (17.2cm)
2026-09-13T03:20:16.546574Z,sonno_non_osservabile,value_text,POSSIBLE_AWAKE
2026-09-13T03:20:16.56256Z,sonno_non_osservabile_motivo,value_text,target assente
2026-09-13T03:20:36.55917Z,sonno_stato_rilevatore,value_text,UNOBSERVABLE
2026-09-13T03:21:36.600511Z,sonno_stato_rilevatore,value_text,UNOBSERVABLE
2026-09-13T03:22:36.640859Z,sonno_stato_rilevatore,value_text,UNOBSERVABLE
2026-09-13T03:23:36.682782Z,sonno_stato_rilevatore,value_text,UNOBSERVABLE
2026-09-13T03:24:36.729683Z,sonno_stato_rilevatore,value_text,UNOBSERVABLE
2026-09-13T03:25:36.779337Z,sonno_stato_rilevatore,value_text,UNOBSERVABLE
2026-09-13T03:26:36.815436Z,sonno_stato_rilevatore,value_text,UNOBSERVABLE
2026-09-13T03:26:56.831693Z,sonno_segnale_recuperato,value_text,ASLEEP
2026-09-13T03:26:56.839372Z,sonno_segnale_recuperato_motivo,value_text,radar recuperato senza evidenza di risveglio; fermo: dist med=0.0cm IQR=0.0cm p10-p90=0.0cm shift=0.0cm; RR non plausibile 3.0
2026-09-13T03:27:06.834093Z,sonno_possible_awake,value_text,movimento
2026-09-13T03:27:06.841968Z,sonno_possible_awake_motivo,value_text,movimento durante il sonno; range distanza p10-p90 alto (68.9cm)
2026-09-13T03:27:36.8533Z,sonno_stato_rilevatore,value_text,POSSIBLE_AWAKE
2026-09-13T03:27:46.864567Z,sonno_movimento_nel_sonno,value_text,ASLEEP
2026-09-13T03:27:46.874581Z,sonno_movimento_nel_sonno_motivo,value_text,movimento terminato prima di 90s; fermo: dist med=68.9cm IQR=5.7cm p10-p90=5.7cm shift=0.0cm; RR non plausibile 3.0
2026-09-13T03:28:27.382672Z,clima_spegni_motivo,value_text,BME 23.5<=target
2026-09-13T03:28:37.028938Z,sonno_stato_rilevatore,value_text,ASLEEP
2026-09-13T03:29:36.953982Z,sonno_stato_rilevatore,value_text,ASLEEP
2026-09-13T03:30:36.980827Z,sonno_stato_rilevatore,value_text,ASLEEP
2026-09-13T03:31:37.020853Z,sonno_stato_rilevatore,value_text,ASLEEP
2026-09-13T03:32:37.061094Z,sonno_stato_rilevatore,value_text,ASLEEP
2026-09-13T03:33:37.106463Z,sonno_stato_rilevatore,value_text,ASLEEP
2026-09-13T03:34:37.162429Z,sonno_stato_rilevatore,value_text,ASLEEP
2026-09-13T03:35:37.201977Z,sonno_stato_rilevatore,value_text,ASLEEP
2026-09-13T03:35:47.212094Z,sonno_non_osservabile,value_text,ASLEEP
2026-09-13T03:35:47.220514Z,sonno_non_osservabile_motivo,value_text,target assente
2026-09-13T03:35:57.217045Z,sonno_segnale_recuperato_movimento,value_text,POSSIBLE_AWAKE
2026-09-13T03:35:57.223646Z,sonno_segnale_recuperato_movimento_motivo,value_text,range distanza p10-p90 alto (68.9cm)
2026-09-13T03:36:37.247057Z,sonno_stato_rilevatore,value_text,POSSIBLE_AWAKE
2026-09-13T03:37:27.293883Z,sonno_risveglio_movimento,value_text,90s
2026-09-13T03:37:27.300285Z,sonno_risveglio_movimento_motivo,value_text,movimento persistente; cambio posizione persistente (8.6cm)
2026-09-13T03:37:37.301912Z,sonno_stato_rilevatore,value_text,AWAKE
2026-09-13T03:38:37.354087Z,sonno_stato_rilevatore,value_text,AWAKE
2026-09-13T03:39:37.403924Z,sonno_possible_sleep,value_text,3.0min
2026-09-13T03:39:37.429463Z,sonno_possible_sleep_motivo,value_text,candidato sonno: fermo: dist med=80.4cm IQR=5.7cm p10-p90=5.7cm shift=5.7cm; RR non plausibile 1.0
2026-09-13T03:39:37.448905Z,sonno_stato_rilevatore,value_text,POSSIBLE_SLEEP
2026-09-13T03:40:37.457341Z,sonno_stato_rilevatore,value_text,POSSIBLE_SLEEP
2026-09-13T03:41:37.498281Z,sonno_stato_rilevatore,value_text,POSSIBLE_SLEEP
2026-09-13T03:42:37.552806Z,sonno_addormentamento_rilevato,value_text,6.0min
2026-09-13T03:42:37.570842Z,sonno_addormentamento_rilevato_motivo,value_text,presenza + immobilita confermate; fermo: dist med=74.6cm IQR=0.0cm p10-p90=0.0cm shift=0.0cm; RR non recente (180s)
2026-09-13T03:42:37.588608Z,sonno_stato_rilevatore,value_text,ASLEEP
2026-09-13T03:43:37.590304Z,sonno_stato_rilevatore,value_text,ASLEEP
2026-09-13T03:44:37.660023Z,sonno_stato_rilevatore,value_text,ASLEEP
2026-09-13T03:45:37.717318Z,sonno_stato_rilevatore,value_text,ASLEEP
2026-09-13T03:46:37.764099Z,sonno_stato_rilevatore,value_text,ASLEEP
2026-09-13T03:47:37.807084Z,sonno_stato_rilevatore,value_text,ASLEEP
2026-09-13T03:48:37.846369Z,sonno_stato_rilevatore,value_text,ASLEEP
2026-09-13T03:49:17.856727Z,sonno_non_osservabile,value_text,ASLEEP
2026-09-13T03:49:17.865633Z,sonno_non_osservabile_motivo,value_text,target assente
2026-09-13T03:49:37.875161Z,sonno_stato_rilevatore,value_text,UNOBSERVABLE
2026-09-13T03:50:17.903441Z,sonno_segnale_recuperato_movimento,value_text,POSSIBLE_AWAKE
2026-09-13T03:50:17.910454Z,sonno_segnale_recuperato_movimento_motivo,value_text,IQR distanza alto (74.6cm)
2026-09-13T03:50:27.912481Z,sonno_non_osservabile,value_text,POSSIBLE_AWAKE
2026-09-13T03:50:27.920196Z,sonno_non_osservabile_motivo,value_text,target assente
2026-09-13T03:50:37.920186Z,sonno_segnale_recuperato_movimento,value_text,POSSIBLE_AWAKE
2026-09-13T03:50:37.92903Z,sonno_segnale_recuperato_movimento_motivo,value_text,IQR distanza alto (80.4cm)
2026-09-13T03:50:37.935258Z,sonno_stato_rilevatore,value_text,POSSIBLE_AWAKE
2026-09-13T03:51:27.966104Z,sonno_movimento_nel_sonno,value_text,ASLEEP
2026-09-13T03:51:27.972627Z,sonno_movimento_nel_sonno_motivo,value_text,movimento terminato prima di 90s; fermo: dist med=80.4cm IQR=5.7cm p10-p90=11.5cm shift=0.0cm; RR non plausibile 0.0
2026-09-13T03:51:37.97394Z,sonno_stato_rilevatore,value_text,ASLEEP
2026-09-13T03:51:47.984733Z,sonno_possible_awake,value_text,movimento
2026-09-13T03:51:47.992786Z,sonno_possible_awake_motivo,value_text,movimento durante il sonno; cambio posizione persistente (8.6cm)
2026-09-13T03:51:57.995745Z,sonno_movimento_nel_sonno,value_text,ASLEEP
2026-09-13T03:51:58.005003Z,sonno_movimento_nel_sonno_motivo,value_text,movimento terminato prima di 90s; fermo: dist med=80.4cm IQR=5.7cm p10-p90=11.5cm shift=5.7cm; RR non plausibile 3.0
2026-09-13T03:52:38.03025Z,sonno_stato_rilevatore,value_text,ASLEEP
2026-09-13T03:53:08.055673Z,sonno_possible_awake,value_text,movimento
2026-09-13T03:53:08.06129Z,sonno_possible_awake_motivo,value_text,movimento durante il sonno; IQR distanza alto (11.5cm)
2026-09-13T03:53:18.057732Z,sonno_non_osservabile,value_text,POSSIBLE_AWAKE
2026-09-13T03:53:18.064318Z,sonno_non_osservabile_motivo,value_text,target assente
2026-09-13T03:53:38.067597Z,sonno_stato_rilevatore,value_text,UNOBSERVABLE
2026-09-13T03:54:18.098331Z,sonno_segnale_recuperato_movimento,value_text,POSSIBLE_AWAKE
2026-09-13T03:54:18.105665Z,sonno_segnale_recuperato_movimento_motivo,value_text,IQR distanza alto (11.5cm)
2026-09-13T03:54:38.110766Z,sonno_movimento_nel_sonno,value_text,ASLEEP
2026-09-13T03:54:38.118045Z,sonno_movimento_nel_sonno_motivo,value_text,movimento terminato prima di 90s; fermo: dist med=80.4cm IQR=5.7cm p10-p90=11.5cm shift=0.0cm; RR plausibile 19.0
2026-09-13T03:54:38.125451Z,sonno_stato_rilevatore,value_text,ASLEEP
2026-09-13T03:54:58.127156Z,sonno_possible_awake,value_text,movimento
2026-09-13T03:54:58.135941Z,sonno_possible_awake_motivo,value_text,movimento durante il sonno; IQR distanza alto (11.5cm)
2026-09-13T03:55:38.160824Z,sonno_stato_rilevatore,value_text,POSSIBLE_AWAKE
2026-09-13T03:55:48.170005Z,sonno_movimento_nel_sonno,value_text,ASLEEP
2026-09-13T03:55:48.177167Z,sonno_movimento_nel_sonno_motivo,value_text,movimento terminato prima di 90s; fermo: dist med=97.6cm IQR=5.7cm p10-p90=5.7cm shift=5.7cm; RR plausibile 14.0
2026-09-13T03:56:38.201876Z,sonno_stato_rilevatore,value_text,ASLEEP
2026-09-13T03:57:38.25193Z,sonno_stato_rilevatore,value_text,ASLEEP
2026-09-13T03:58:38.301343Z,sonno_stato_rilevatore,value_text,ASLEEP
2026-09-13T03:59:38.357379Z,sonno_stato_rilevatore,value_text,ASLEEP
2026-09-13T04:00:18.385014Z,sonno_non_osservabile,value_text,ASLEEP
2026-09-13T04:00:18.392884Z,sonno_non_osservabile_motivo,value_text,target assente
2026-09-13T04:00:28.388803Z,sonno_segnale_recuperato_movimento,value_text,POSSIBLE_AWAKE
2026-09-13T04:00:28.396224Z,sonno_segnale_recuperato_movimento_motivo,value_text,range distanza p10-p90 alto (103.3cm)
2026-09-13T04:00:38.398888Z,sonno_stato_rilevatore,value_text,POSSIBLE_AWAKE
2026-09-13T04:01:18.425351Z,sonno_movimento_nel_sonno,value_text,ASLEEP
2026-09-13T04:01:18.434966Z,sonno_movimento_nel_sonno_motivo,value_text,movimento terminato prima di 90s; fermo: dist med=103.3cm IQR=5.7cm p10-p90=5.7cm shift=5.7cm; RR plausibile 24.0
2026-09-13T04:01:38.433845Z,sonno_stato_rilevatore,value_text,ASLEEP
2026-09-13T04:02:38.477342Z,sonno_possible_awake,value_text,movimento
2026-09-13T04:02:38.509046Z,sonno_possible_awake_motivo,value_text,movimento durante il sonno; range distanza p10-p90 alto (23.0cm)
2026-09-13T04:02:38.516207Z,sonno_stato_rilevatore,value_text,POSSIBLE_AWAKE
2026-09-13T04:03:18.50901Z,sonno_movimento_nel_sonno,value_text,ASLEEP
2026-09-13T04:03:18.51672Z,sonno_movimento_nel_sonno_motivo,value_text,movimento terminato prima di 90s; fermo: dist med=74.6cm IQR=0.0cm p10-p90=11.5cm shift=0.0cm; RR plausibile 10.0
2026-09-13T04:03:38.521989Z,sonno_stato_rilevatore,value_text,ASLEEP
2026-09-13T04:04:38.560175Z,sonno_stato_rilevatore,value_text,ASLEEP
2026-09-13T04:05:38.620077Z,sonno_stato_rilevatore,value_text,ASLEEP
2026-09-13T04:06:38.645639Z,sonno_stato_rilevatore,value_text,ASLEEP
2026-09-13T04:07:38.68477Z,sonno_stato_rilevatore,value_text,ASLEEP
2026-09-13T04:08:28.722215Z,sonno_non_osservabile,value_text,ASLEEP
2026-09-13T04:08:28.732254Z,sonno_non_osservabile_motivo,value_text,target assente
2026-09-13T04:08:38.732042Z,sonno_stato_rilevatore,value_text,UNOBSERVABLE
2026-09-13T04:09:38.791531Z,sonno_segnale_recuperato_movimento,value_text,POSSIBLE_AWAKE
2026-09-13T04:09:38.799447Z,sonno_segnale_recuperato_movimento_motivo,value_text,IQR distanza alto (68.9cm)
2026-09-13T04:09:38.80711Z,sonno_stato_rilevatore,value_text,POSSIBLE_AWAKE
2026-09-13T04:09:48.802653Z,sonno_non_osservabile,value_text,POSSIBLE_AWAKE
2026-09-13T04:09:48.810574Z,sonno_non_osservabile_motivo,value_text,target assente
2026-09-13T04:10:38.846915Z,sonno_stato_rilevatore,value_text,UNOBSERVABLE
2026-09-13T04:10:48.855404Z,sonno_segnale_recuperato_movimento,value_text,POSSIBLE_AWAKE
2026-09-13T04:10:48.86348Z,sonno_segnale_recuperato_movimento_motivo,value_text,range distanza p10-p90 alto (68.9cm)
2026-09-13T04:11:38.897571Z,sonno_movimento_nel_sonno,value_text,ASLEEP
2026-09-13T04:11:38.90531Z,sonno_movimento_nel_sonno_motivo,value_text,movimento terminato prima di 90s; fermo: dist med=74.6cm IQR=0.0cm p10-p90=11.5cm shift=0.0cm; RR plausibile 16.0
2026-09-13T04:11:38.913033Z,sonno_stato_rilevatore,value_text,ASLEEP
2026-09-13T04:12:38.952631Z,sonno_stato_rilevatore,value_text,ASLEEP
2026-09-13T04:13:38.985161Z,sonno_stato_rilevatore,value_text,ASLEEP
2026-09-13T04:14:27.764556Z,protezione_blocco,value_text,max_azioni
2026-09-13T04:14:27.784936Z,protezione_blocco_motivo,value_text,BME 24.5>=target+1.0 ma raggiunte 5 accensioni/notte
2026-09-13T04:14:39.036225Z,sonno_stato_rilevatore,value_text,ASLEEP
2026-09-13T04:15:27.770996Z,protezione_blocco,value_text,max_azioni
2026-09-13T04:15:27.778905Z,protezione_blocco_motivo,value_text,BME 24.5>=target+1.0 ma raggiunte 5 accensioni/notte
2026-09-13T04:15:39.084108Z,sonno_stato_rilevatore,value_text,ASLEEP
2026-09-13T04:16:09.108709Z,sonno_possible_awake,value_text,movimento
2026-09-13T04:16:09.120425Z,sonno_possible_awake_motivo,value_text,movimento durante il sonno; range distanza p10-p90 alto (23.0cm)
2026-09-13T04:16:27.77763Z,protezione_blocco,value_text,max_azioni
2026-09-13T04:16:27.785648Z,protezione_blocco_motivo,value_text,BME 24.5>=target+1.0 ma raggiunte 5 accensioni/notte
2026-09-13T04:16:39.136502Z,sonno_stato_rilevatore,value_text,POSSIBLE_AWAKE
2026-09-13T04:16:49.145358Z,sonno_movimento_nel_sonno,value_text,ASLEEP
2026-09-13T04:16:49.171477Z,sonno_movimento_nel_sonno_motivo,value_text,movimento terminato prima di 90s; fermo: dist med=97.6cm IQR=5.7cm p10-p90=11.5cm shift=5.7cm; RR plausibile 15.0
2026-09-13T04:17:27.791304Z,protezione_blocco,value_text,max_azioni
2026-09-13T04:17:27.799921Z,protezione_blocco_motivo,value_text,BME 24.5>=target+1.0 ma raggiunte 5 accensioni/notte
2026-09-13T04:17:39.355844Z,sonno_stato_rilevatore,value_text,ASLEEP
2026-09-13T04:18:27.814416Z,protezione_blocco,value_text,max_azioni
2026-09-13T04:18:27.82516Z,protezione_blocco_motivo,value_text,BME 24.6>=target+1.0 ma raggiunte 5 accensioni/notte
2026-09-13T04:18:39.224271Z,sonno_stato_rilevatore,value_text,ASLEEP
2026-09-13T04:19:27.812522Z,protezione_blocco,value_text,max_azioni
2026-09-13T04:19:27.821605Z,protezione_blocco_motivo,value_text,BME 24.6>=target+1.0 ma raggiunte 5 accensioni/notte
2026-09-13T04:19:29.25724Z,sonno_possible_awake,value_text,movimento
2026-09-13T04:19:29.311325Z,sonno_possible_awake_motivo,value_text,movimento durante il sonno; IQR distanza alto (11.5cm)
2026-09-13T04:19:39.259567Z,sonno_non_osservabile,value_text,POSSIBLE_AWAKE
2026-09-13T04:19:39.276209Z,sonno_non_osservabile_motivo,value_text,target assente
2026-09-13T04:19:39.289045Z,sonno_stato_rilevatore,value_text,UNOBSERVABLE
2026-09-13T04:20:27.825349Z,protezione_blocco,value_text,max_azioni
2026-09-13T04:20:27.839725Z,protezione_blocco_motivo,value_text,BME 24.6>=target+1.0 ma raggiunte 5 accensioni/notte
2026-09-13T04:20:39.317719Z,sonno_segnale_recuperato,value_text,ASLEEP
2026-09-13T04:20:39.327215Z,sonno_segnale_recuperato_motivo,value_text,radar recuperato senza evidenza di risveglio; fermo: dist med=103.3cm IQR=0.0cm p10-p90=5.7cm shift=0.0cm; RR plausibile 13.0
2026-09-13T04:20:39.334211Z,sonno_stato_rilevatore,value_text,ASLEEP
2026-09-13T04:21:27.832708Z,protezione_blocco,value_text,max_azioni
2026-09-13T04:21:27.840043Z,protezione_blocco_motivo,value_text,BME 24.6>=target+1.0 ma raggiunte 5 accensioni/notte
2026-09-13T04:21:39.362303Z,sonno_stato_rilevatore,value_text,ASLEEP
2026-09-13T04:22:27.843549Z,protezione_blocco,value_text,max_azioni
2026-09-13T04:22:27.852153Z,protezione_blocco_motivo,value_text,BME 24.6>=target+1.0 ma raggiunte 5 accensioni/notte
2026-09-13T04:22:39.410774Z,sonno_stato_rilevatore,value_text,ASLEEP
2026-09-13T04:23:27.854397Z,protezione_blocco,value_text,max_azioni
2026-09-13T04:23:27.863002Z,protezione_blocco_motivo,value_text,BME 24.6>=target+1.0 ma raggiunte 5 accensioni/notte
2026-09-13T04:23:39.458485Z,sonno_stato_rilevatore,value_text,ASLEEP
2026-09-13T04:24:27.862318Z,protezione_blocco,value_text,max_azioni
2026-09-13T04:24:27.869412Z,protezione_blocco_motivo,value_text,BME 24.6>=target+1.0 ma raggiunte 5 accensioni/notte
2026-09-13T04:24:39.500187Z,sonno_stato_rilevatore,value_text,ASLEEP
2026-09-13T04:25:27.873214Z,protezione_blocco,value_text,max_azioni
2026-09-13T04:25:27.880127Z,protezione_blocco_motivo,value_text,BME 24.6>=target+1.0 ma raggiunte 5 accensioni/notte
2026-09-13T04:25:39.545926Z,sonno_stato_rilevatore,value_text,ASLEEP
2026-09-13T04:26:27.877477Z,protezione_blocco,value_text,max_azioni
2026-09-13T04:26:27.885375Z,protezione_blocco_motivo,value_text,BME 24.6>=target+1.0 ma raggiunte 5 accensioni/notte
2026-09-13T04:26:39.588253Z,sonno_stato_rilevatore,value_text,ASLEEP
2026-09-13T04:27:27.885893Z,protezione_blocco,value_text,max_azioni
2026-09-13T04:27:27.895389Z,protezione_blocco_motivo,value_text,BME 24.6>=target+1.0 ma raggiunte 5 accensioni/notte
2026-09-13T04:27:39.624059Z,sonno_stato_rilevatore,value_text,ASLEEP
2026-09-13T04:28:19.650799Z,sonno_non_osservabile,value_text,ASLEEP
2026-09-13T04:28:19.659184Z,sonno_non_osservabile_motivo,value_text,target assente
2026-09-13T04:28:27.89686Z,protezione_blocco,value_text,max_azioni
2026-09-13T04:28:27.904305Z,protezione_blocco_motivo,value_text,BME 24.7>=target+1.0 ma raggiunte 5 accensioni/notte
2026-09-13T04:28:29.661922Z,sonno_segnale_recuperato,value_text,ASLEEP
2026-09-13T04:28:29.672429Z,sonno_segnale_recuperato_motivo,value_text,radar recuperato senza evidenza di risveglio; fermo: dist med=97.6cm IQR=0.0cm p10-p90=5.7cm shift=0.0cm; RR plausibile 11.0
2026-09-13T04:28:39.669878Z,sonno_stato_rilevatore,value_text,ASLEEP
2026-09-13T04:29:27.90543Z,protezione_blocco,value_text,max_azioni
2026-09-13T04:29:27.913263Z,protezione_blocco_motivo,value_text,BME 24.7>=target+1.0 ma raggiunte 5 accensioni/notte
2026-09-13T04:29:39.713663Z,sonno_stato_rilevatore,value_text,ASLEEP
2026-09-13T04:30:27.913956Z,protezione_blocco,value_text,max_azioni
2026-09-13T04:30:27.944955Z,protezione_blocco_motivo,value_text,BME 24.7>=target+1.0 ma raggiunte 5 accensioni/notte
2026-09-13T04:30:39.76411Z,sonno_stato_rilevatore,value_text,ASLEEP
2026-09-13T04:31:27.921833Z,protezione_blocco,value_text,max_azioni
2026-09-13T04:31:27.932074Z,protezione_blocco_motivo,value_text,BME 24.7>=target+1.0 ma raggiunte 5 accensioni/notte
2026-09-13T04:31:39.809391Z,sonno_stato_rilevatore,value_text,ASLEEP
2026-09-13T04:32:27.930772Z,protezione_blocco,value_text,max_azioni
2026-09-13T04:32:27.941854Z,protezione_blocco_motivo,value_text,BME 24.7>=target+1.0 ma raggiunte 5 accensioni/notte
2026-09-13T04:32:39.865285Z,sonno_stato_rilevatore,value_text,ASLEEP
2026-09-13T04:33:27.941626Z,protezione_blocco,value_text,max_azioni
2026-09-13T04:33:27.949221Z,protezione_blocco_motivo,value_text,BME 24.7>=target+1.0 ma raggiunte 5 accensioni/notte
2026-09-13T04:33:39.913921Z,sonno_stato_rilevatore,value_text,ASLEEP
2026-09-13T04:34:27.918137Z,protezione_blocco,value_text,max_azioni
2026-09-13T04:34:27.925442Z,protezione_blocco_motivo,value_text,BME 24.7>=target+1.0 ma raggiunte 5 accensioni/notte
2026-09-13T04:34:39.93563Z,sonno_stato_rilevatore,value_text,ASLEEP
2026-09-13T04:35:27.924899Z,protezione_blocco,value_text,max_azioni
2026-09-13T04:35:27.933604Z,protezione_blocco_motivo,value_text,BME 24.7>=target+1.0 ma raggiunte 5 accensioni/notte
2026-09-13T04:35:39.983962Z,sonno_stato_rilevatore,value_text,ASLEEP
2026-09-13T04:36:27.928519Z,protezione_blocco,value_text,max_azioni
2026-09-13T04:36:27.945384Z,protezione_blocco_motivo,value_text,BME 24.7>=target+1.0 ma raggiunte 5 accensioni/notte
2026-09-13T04:36:40.01222Z,sonno_stato_rilevatore,value_text,ASLEEP
2026-09-13T04:37:27.936462Z,protezione_blocco,value_text,max_azioni
2026-09-13T04:37:27.943466Z,protezione_blocco_motivo,value_text,BME 24.7>=target+1.0 ma raggiunte 5 accensioni/notte
2026-09-13T04:37:40.05544Z,sonno_stato_rilevatore,value_text,ASLEEP
2026-09-13T04:38:27.947247Z,protezione_blocco,value_text,max_azioni
2026-09-13T04:38:27.955379Z,protezione_blocco_motivo,value_text,BME 24.7>=target+1.0 ma raggiunte 5 accensioni/notte
2026-09-13T04:38:40.099625Z,sonno_stato_rilevatore,value_text,ASLEEP
2026-09-13T04:39:28.008014Z,protezione_blocco,value_text,max_azioni
2026-09-13T04:39:28.016539Z,protezione_blocco_motivo,value_text,BME 24.7>=target+1.0 ma raggiunte 5 accensioni/notte
2026-09-13T04:39:40.144273Z,sonno_stato_rilevatore,value_text,ASLEEP
2026-09-13T04:40:27.964828Z,protezione_blocco,value_text,max_azioni
2026-09-13T04:40:27.973727Z,protezione_blocco_motivo,value_text,BME 24.7>=target+1.0 ma raggiunte 5 accensioni/notte
2026-09-13T04:40:40.192329Z,sonno_stato_rilevatore,value_text,ASLEEP
2026-09-13T04:41:27.974434Z,protezione_blocco,value_text,max_azioni
2026-09-13T04:41:27.98309Z,protezione_blocco_motivo,value_text,BME 24.8>=target+1.0 ma raggiunte 5 accensioni/notte
2026-09-13T04:41:40.248507Z,sonno_stato_rilevatore,value_text,ASLEEP
2026-09-13T04:42:27.975516Z,protezione_blocco,value_text,max_azioni
2026-09-13T04:42:27.986165Z,protezione_blocco_motivo,value_text,BME 24.8>=target+1.0 ma raggiunte 5 accensioni/notte
2026-09-13T04:42:40.282948Z,sonno_stato_rilevatore,value_text,ASLEEP
2026-09-13T04:43:27.985458Z,protezione_blocco,value_text,max_azioni
2026-09-13T04:43:27.992819Z,protezione_blocco_motivo,value_text,BME 24.8>=target+1.0 ma raggiunte 5 accensioni/notte
2026-09-13T04:43:40.339666Z,sonno_stato_rilevatore,value_text,ASLEEP
2026-09-13T04:44:27.99098Z,protezione_blocco,value_text,max_azioni
2026-09-13T04:44:28.001375Z,protezione_blocco_motivo,value_text,BME 24.8>=target+1.0 ma raggiunte 5 accensioni/notte
2026-09-13T04:44:40.380585Z,sonno_stato_rilevatore,value_text,ASLEEP
2026-09-13T04:45:27.999184Z,protezione_blocco,value_text,max_azioni
2026-09-13T04:45:28.007123Z,protezione_blocco_motivo,value_text,BME 24.8>=target+1.0 ma raggiunte 5 accensioni/notte
2026-09-13T04:45:40.428741Z,sonno_stato_rilevatore,value_text,ASLEEP
2026-09-13T04:46:00.441951Z,sonno_possible_awake,value_text,movimento
2026-09-13T04:46:00.449908Z,sonno_possible_awake_motivo,value_text,movimento durante il sonno; IQR distanza alto (11.5cm)
2026-09-13T04:46:28.005107Z,protezione_blocco,value_text,max_azioni
2026-09-13T04:46:28.013348Z,protezione_blocco_motivo,value_text,BME 24.8>=target+1.0 ma raggiunte 5 accensioni/notte
2026-09-13T04:46:40.464565Z,sonno_stato_rilevatore,value_text,POSSIBLE_AWAKE
2026-09-13T04:47:10.479702Z,sonno_movimento_nel_sonno,value_text,ASLEEP
2026-09-13T04:47:10.486725Z,sonno_movimento_nel_sonno_motivo,value_text,movimento terminato prima di 90s; fermo: dist med=97.6cm IQR=5.7cm p10-p90=11.5cm shift=5.7cm; RR plausibile 14.0
2026-09-13T04:47:28.014446Z,protezione_blocco,value_text,max_azioni
2026-09-13T04:47:28.021866Z,protezione_blocco_motivo,value_text,BME 24.8>=target+1.0 ma raggiunte 5 accensioni/notte
2026-09-13T04:47:30.496373Z,sonno_non_osservabile,value_text,ASLEEP
2026-09-13T04:47:30.502883Z,sonno_non_osservabile_motivo,value_text,target assente
2026-09-13T04:47:40.5076Z,sonno_segnale_recuperato,value_text,ASLEEP
2026-09-13T04:47:40.515511Z,sonno_segnale_recuperato_motivo,value_text,radar recuperato senza evidenza di risveglio; fermo: dist med=97.6cm IQR=0.0cm p10-p90=0.0cm shift=0.0cm; RR plausibile 11.0
2026-09-13T04:47:40.522579Z,sonno_stato_rilevatore,value_text,ASLEEP
2026-09-13T04:48:28.020755Z,protezione_blocco,value_text,max_azioni
2026-09-13T04:48:28.028498Z,protezione_blocco_motivo,value_text,BME 24.8>=target+1.0 ma raggiunte 5 accensioni/notte
2026-09-13T04:48:40.574173Z,sonno_stato_rilevatore,value_text,ASLEEP
2026-09-13T04:49:20.603916Z,sonno_non_osservabile,value_text,ASLEEP
2026-09-13T04:49:20.610187Z,sonno_non_osservabile_motivo,value_text,target assente
2026-09-13T04:49:28.029673Z,protezione_blocco,value_text,max_azioni
2026-09-13T04:49:28.039622Z,protezione_blocco_motivo,value_text,BME 24.8>=target+1.0 ma raggiunte 5 accensioni/notte
2026-09-13T04:49:30.614346Z,sonno_segnale_recuperato,value_text,ASLEEP
2026-09-13T04:49:30.62421Z,sonno_segnale_recuperato_motivo,value_text,radar recuperato senza evidenza di risveglio; fermo: dist med=97.6cm IQR=5.7cm p10-p90=5.7cm shift=5.7cm; RR plausibile 11.0
2026-09-13T04:49:40.624977Z,sonno_stato_rilevatore,value_text,ASLEEP
2026-09-13T04:50:28.039652Z,protezione_blocco,value_text,max_azioni
2026-09-13T04:50:28.047586Z,protezione_blocco_motivo,value_text,BME 24.8>=target+1.0 ma raggiunte 5 accensioni/notte
2026-09-13T04:50:30.6618Z,sonno_non_osservabile,value_text,ASLEEP
2026-09-13T04:50:30.667861Z,sonno_non_osservabile_motivo,value_text,target assente
2026-09-13T04:50:40.670605Z,sonno_segnale_recuperato,value_text,ASLEEP
2026-09-13T04:50:40.679091Z,sonno_segnale_recuperato_motivo,value_text,radar recuperato senza evidenza di risveglio; fermo: dist med=91.8cm IQR=0.0cm p10-p90=5.7cm shift=0.0cm; RR non plausibile 0.0
2026-09-13T04:50:40.68577Z,sonno_stato_rilevatore,value_text,ASLEEP
2026-09-13T04:51:28.060125Z,protezione_blocco,value_text,max_azioni
2026-09-13T04:51:28.067607Z,protezione_blocco_motivo,value_text,BME 24.8>=target+1.0 ma raggiunte 5 accensioni/notte
2026-09-13T04:51:40.716272Z,sonno_possible_awake,value_text,movimento
2026-09-13T04:51:40.723929Z,sonno_possible_awake_motivo,value_text,movimento durante il sonno; range distanza p10-p90 alto (91.8cm)
2026-09-13T04:51:40.732044Z,sonno_stato_rilevatore,value_text,POSSIBLE_AWAKE
2026-09-13T04:52:10.745368Z,sonno_non_osservabile,value_text,POSSIBLE_AWAKE
2026-09-13T04:52:10.753219Z,sonno_non_osservabile_motivo,value_text,target assente
2026-09-13T04:52:28.048361Z,protezione_blocco,value_text,max_azioni
2026-09-13T04:52:28.056403Z,protezione_blocco_motivo,value_text,BME 24.8>=target+1.0 ma raggiunte 5 accensioni/notte
2026-09-13T04:52:30.75805Z,sonno_segnale_recuperato_movimento,value_text,POSSIBLE_AWAKE
2026-09-13T04:52:30.767377Z,sonno_segnale_recuperato_movimento_motivo,value_text,IQR distanza alto (91.8cm)
2026-09-13T04:52:40.769104Z,sonno_stato_rilevatore,value_text,POSSIBLE_AWAKE
2026-09-13T04:52:50.774399Z,sonno_non_osservabile,value_text,POSSIBLE_AWAKE
2026-09-13T04:52:50.782566Z,sonno_non_osservabile_motivo,value_text,target assente
2026-09-13T04:53:00.783358Z,sonno_segnale_recuperato_movimento,value_text,POSSIBLE_AWAKE
2026-09-13T04:53:00.791282Z,sonno_segnale_recuperato_movimento_motivo,value_text,range distanza p10-p90 alto (97.6cm)
2026-09-13T04:53:20.803411Z,sonno_movimento_nel_sonno,value_text,ASLEEP
2026-09-13T04:53:20.81228Z,sonno_movimento_nel_sonno_motivo,value_text,movimento terminato prima di 90s; fermo: dist med=91.8cm IQR=0.0cm p10-p90=5.7cm shift=0.0cm; RR non plausibile 1.0
2026-09-13T04:53:28.055668Z,protezione_blocco,value_text,max_azioni
2026-09-13T04:53:28.06392Z,protezione_blocco_motivo,value_text,BME 24.8>=target+1.0 ma raggiunte 5 accensioni/notte
2026-09-13T04:53:40.820388Z,sonno_stato_rilevatore,value_text,ASLEEP
2026-09-13T04:54:28.056688Z,protezione_blocco,value_text,max_azioni
2026-09-13T04:54:28.064817Z,protezione_blocco_motivo,value_text,BME 24.8>=target+1.0 ma raggiunte 5 accensioni/notte
2026-09-13T04:54:40.865018Z,sonno_stato_rilevatore,value_text,ASLEEP
2026-09-13T04:55:28.064819Z,protezione_blocco,value_text,max_azioni
2026-09-13T04:55:28.072718Z,protezione_blocco_motivo,value_text,BME 24.8>=target+1.0 ma raggiunte 5 accensioni/notte
2026-09-13T04:55:40.908767Z,sonno_stato_rilevatore,value_text,ASLEEP
2026-09-13T04:56:28.07253Z,protezione_blocco,value_text,max_azioni
2026-09-13T04:56:28.08055Z,protezione_blocco_motivo,value_text,BME 24.8>=target+1.0 ma raggiunte 5 accensioni/notte
2026-09-13T04:56:40.957838Z,sonno_stato_rilevatore,value_text,ASLEEP
2026-09-13T04:57:28.082498Z,protezione_blocco,value_text,max_azioni
2026-09-13T04:57:28.089606Z,protezione_blocco_motivo,value_text,BME 24.8>=target+1.0 ma raggiunte 5 accensioni/notte
2026-09-13T04:57:41.010682Z,sonno_stato_rilevatore,value_text,ASLEEP
2026-09-13T04:58:28.116886Z,protezione_blocco,value_text,max_azioni
2026-09-13T04:58:28.125303Z,protezione_blocco_motivo,value_text,BME 24.8>=target+1.0 ma raggiunte 5 accensioni/notte
2026-09-13T04:58:31.075893Z,sonno_non_osservabile,value_text,ASLEEP
2026-09-13T04:58:31.085928Z,sonno_non_osservabile_motivo,value_text,target assente
2026-09-13T04:58:41.086477Z,sonno_segnale_recuperato,value_text,ASLEEP
2026-09-13T04:58:41.093864Z,sonno_segnale_recuperato_motivo,value_text,radar recuperato senza evidenza di risveglio; fermo: dist med=91.8cm IQR=5.7cm p10-p90=5.7cm shift=5.7cm; RR plausibile 10.0
2026-09-13T04:58:41.099389Z,sonno_stato_rilevatore,value_text,ASLEEP
2026-09-13T04:59:21.111915Z,sonno_possible_awake,value_text,movimento
2026-09-13T04:59:21.1215Z,sonno_possible_awake_motivo,value_text,movimento durante il sonno; range distanza p10-p90 alto (97.6cm)
2026-09-13T04:59:28.128508Z,protezione_blocco,value_text,max_azioni
2026-09-13T04:59:28.137242Z,protezione_blocco_motivo,value_text,BME 24.9>=target+1.0 ma raggiunte 5 accensioni/notte
2026-09-13T04:59:41.128167Z,sonno_non_osservabile,value_text,POSSIBLE_AWAKE
2026-09-13T04:59:41.135632Z,sonno_non_osservabile_motivo,value_text,target assente
2026-09-13T04:59:41.14182Z,sonno_stato_rilevatore,value_text,UNOBSERVABLE
2026-09-13T04:59:51.136395Z,sonno_segnale_recuperato_movimento,value_text,POSSIBLE_AWAKE
2026-09-13T04:59:51.144736Z,sonno_segnale_recuperato_movimento_motivo,value_text,range distanza p10-p90 alto (97.6cm)
2026-09-13T05:00:28.136195Z,protezione_blocco,value_text,max_azioni
2026-09-13T05:00:28.143757Z,protezione_blocco_motivo,value_text,BME 24.9>=target+1.0 ma raggiunte 5 accensioni/notte
2026-09-13T05:00:41.180947Z,sonno_stato_rilevatore,value_text,POSSIBLE_AWAKE
2026-09-13T05:00:51.182116Z,sonno_movimento_nel_sonno,value_text,ASLEEP
2026-09-13T05:00:51.189452Z,sonno_movimento_nel_sonno_motivo,value_text,movimento terminato prima di 90s; fermo: dist med=97.6cm IQR=5.7cm p10-p90=5.7cm shift=5.7cm; RR plausibile 14.0
2026-09-13T05:01:28.150419Z,protezione_blocco,value_text,max_azioni
2026-09-13T05:01:28.157172Z,protezione_blocco_motivo,value_text,BME 24.9>=target+1.0 ma raggiunte 5 accensioni/notte
2026-09-13T05:01:31.207882Z,sonno_non_osservabile,value_text,ASLEEP
2026-09-13T05:01:31.216717Z,sonno_non_osservabile_motivo,value_text,target assente
2026-09-13T05:01:41.216772Z,sonno_segnale_recuperato_movimento,value_text,POSSIBLE_AWAKE
2026-09-13T05:01:41.223714Z,sonno_segnale_recuperato_movimento_motivo,value_text,range distanza p10-p90 alto (97.6cm)
2026-09-13T05:01:41.229966Z,sonno_stato_rilevatore,value_text,POSSIBLE_AWAKE
2026-09-13T05:02:11.242268Z,sonno_movimento_nel_sonno,value_text,ASLEEP
2026-09-13T05:02:11.249048Z,sonno_movimento_nel_sonno_motivo,value_text,movimento terminato prima di 90s; fermo: dist med=97.6cm IQR=5.7cm p10-p90=5.7cm shift=5.7cm; RR plausibile 14.0
2026-09-13T05:02:21.244627Z,sonno_possible_awake,value_text,movimento
2026-09-13T05:02:21.25207Z,sonno_possible_awake_motivo,value_text,movimento durante il sonno; range distanza p10-p90 alto (97.6cm)
2026-09-13T05:02:28.147434Z,protezione_blocco,value_text,max_azioni
2026-09-13T05:02:28.162987Z,protezione_blocco_motivo,value_text,BME 24.9>=target+1.0 ma raggiunte 5 accensioni/notte
2026-09-13T05:02:31.251039Z,sonno_movimento_nel_sonno,value_text,ASLEEP
2026-09-13T05:02:31.259047Z,sonno_movimento_nel_sonno_motivo,value_text,movimento terminato prima di 90s; fermo: dist med=97.6cm IQR=0.0cm p10-p90=0.0cm shift=0.0cm; RR plausibile 14.0
2026-09-13T05:02:41.263585Z,sonno_stato_rilevatore,value_text,ASLEEP
2026-09-13T05:03:28.157183Z,protezione_blocco,value_text,max_azioni
2026-09-13T05:03:28.165812Z,protezione_blocco_motivo,value_text,BME 24.9>=target+1.0 ma raggiunte 5 accensioni/notte
2026-09-13T05:03:41.312389Z,sonno_stato_rilevatore,value_text,ASLEEP
2026-09-13T05:04:28.16632Z,protezione_blocco,value_text,max_azioni
2026-09-13T05:04:28.177558Z,protezione_blocco_motivo,value_text,BME 24.9>=target+1.0 ma raggiunte 5 accensioni/notte
2026-09-13T05:04:41.362853Z,sonno_stato_rilevatore,value_text,ASLEEP
2026-09-13T05:05:28.175746Z,protezione_blocco,value_text,max_azioni
2026-09-13T05:05:28.18473Z,protezione_blocco_motivo,value_text,BME 24.9>=target+1.0 ma raggiunte 5 accensioni/notte
2026-09-13T05:05:41.401295Z,sonno_stato_rilevatore,value_text,ASLEEP
2026-09-13T05:06:11.424915Z,sonno_non_osservabile,value_text,ASLEEP
2026-09-13T05:06:11.43319Z,sonno_non_osservabile_motivo,value_text,target assente
2026-09-13T05:06:28.183038Z,protezione_blocco,value_text,max_azioni
2026-09-13T05:06:28.19101Z,protezione_blocco_motivo,value_text,BME 24.9>=target+1.0 ma raggiunte 5 accensioni/notte
2026-09-13T05:06:41.564226Z,sonno_stato_rilevatore,value_text,UNOBSERVABLE
2026-09-13T05:07:11.481377Z,sonno_segnale_recuperato,value_text,ASLEEP
2026-09-13T05:07:11.491558Z,sonno_segnale_recuperato_motivo,value_text,radar recuperato senza evidenza di risveglio; fermo: dist med=97.6cm IQR=0.0cm p10-p90=0.0cm shift=0.0cm; RR plausibile 14.0
2026-09-13T05:07:21.492074Z,sonno_possible_awake,value_text,movimento
2026-09-13T05:07:21.500954Z,sonno_possible_awake_motivo,value_text,movimento durante il sonno; range distanza p10-p90 alto (97.6cm)
2026-09-13T05:07:28.193951Z,protezione_blocco,value_text,max_azioni
2026-09-13T05:07:28.206886Z,protezione_blocco_motivo,value_text,BME 24.9>=target+1.0 ma raggiunte 5 accensioni/notte
2026-09-13T05:07:41.508458Z,sonno_non_osservabile,value_text,POSSIBLE_AWAKE
2026-09-13T05:07:41.516283Z,sonno_non_osservabile_motivo,value_text,target assente
2026-09-13T05:07:41.524222Z,sonno_stato_rilevatore,value_text,UNOBSERVABLE
2026-09-13T05:07:51.518693Z,sonno_segnale_recuperato,value_text,ASLEEP
2026-09-13T05:07:51.526371Z,sonno_segnale_recuperato_motivo,value_text,radar recuperato senza evidenza di risveglio; fermo: dist med=97.6cm IQR=0.0cm p10-p90=0.0cm shift=0.0cm; RR plausibile 19.0
2026-09-13T05:08:28.203896Z,protezione_blocco,value_text,max_azioni
2026-09-13T05:08:28.212615Z,protezione_blocco_motivo,value_text,BME 24.9>=target+1.0 ma raggiunte 5 accensioni/notte
2026-09-13T05:08:41.558986Z,sonno_stato_rilevatore,value_text,ASLEEP
2026-09-13T05:08:51.564643Z,sonno_non_osservabile,value_text,ASLEEP
2026-09-13T05:08:51.572636Z,sonno_non_osservabile_motivo,value_text,target assente
2026-09-13T05:09:01.570516Z,sonno_segnale_recuperato,value_text,ASLEEP
2026-09-13T05:09:01.577004Z,sonno_segnale_recuperato_motivo,value_text,radar recuperato senza evidenza di risveglio; fermo: dist med=97.6cm IQR=5.7cm p10-p90=5.7cm shift=5.7cm; RR plausibile 7.0
2026-09-13T05:09:28.211549Z,protezione_blocco,value_text,max_azioni
2026-09-13T05:09:28.219943Z,protezione_blocco_motivo,value_text,BME 24.9>=target+1.0 ma raggiunte 5 accensioni/notte
2026-09-13T05:09:31.596176Z,sonno_possible_awake,value_text,movimento
2026-09-13T05:09:31.610307Z,sonno_possible_awake_motivo,value_text,movimento durante il sonno; range distanza p10-p90 alto (97.6cm)
2026-09-13T05:09:41.598382Z,sonno_stato_rilevatore,value_text,POSSIBLE_AWAKE
2026-09-13T05:10:11.631521Z,sonno_non_osservabile,value_text,POSSIBLE_AWAKE
2026-09-13T05:10:11.639207Z,sonno_non_osservabile_motivo,value_text,target assente
2026-09-13T05:10:21.633358Z,sonno_segnale_recuperato_movimento,value_text,POSSIBLE_AWAKE
2026-09-13T05:10:21.640204Z,sonno_segnale_recuperato_movimento_motivo,value_text,IQR distanza alto (97.6cm)
2026-09-13T05:10:28.220668Z,protezione_blocco,value_text,max_azioni
2026-09-13T05:10:28.228327Z,protezione_blocco_motivo,value_text,BME 24.9>=target+1.0 ma raggiunte 5 accensioni/notte
2026-09-13T05:10:41.653954Z,sonno_stato_rilevatore,value_text,POSSIBLE_AWAKE
2026-09-13T05:11:01.673126Z,sonno_movimento_nel_sonno,value_text,ASLEEP
2026-09-13T05:11:01.680473Z,sonno_movimento_nel_sonno_motivo,value_text,movimento terminato prima di 90s; fermo: dist med=97.6cm IQR=5.7cm p10-p90=5.7cm shift=2.9cm; RR plausibile 17.0
2026-09-13T05:11:28.231726Z,protezione_blocco,value_text,max_azioni
2026-09-13T05:11:28.24097Z,protezione_blocco_motivo,value_text,BME 24.9>=target+1.0 ma raggiunte 5 accensioni/notte
2026-09-13T05:11:31.689814Z,sonno_non_osservabile,value_text,ASLEEP
2026-09-13T05:11:31.697742Z,sonno_non_osservabile_motivo,value_text,target assente
2026-09-13T05:11:41.700062Z,sonno_segnale_recuperato_movimento,value_text,POSSIBLE_AWAKE
2026-09-13T05:11:41.70926Z,sonno_segnale_recuperato_movimento_motivo,value_text,range distanza p10-p90 alto (97.6cm)
2026-09-13T05:11:41.71596Z,sonno_stato_rilevatore,value_text,POSSIBLE_AWAKE
2026-09-13T05:12:21.734812Z,sonno_movimento_nel_sonno,value_text,ASLEEP
2026-09-13T05:12:21.7429Z,sonno_movimento_nel_sonno_motivo,value_text,movimento terminato prima di 90s; fermo: dist med=97.6cm IQR=0.0cm p10-p90=0.0cm shift=0.0cm; RR plausibile 16.0
2026-09-13T05:12:28.242608Z,protezione_blocco,value_text,max_azioni
2026-09-13T05:12:28.251731Z,protezione_blocco_motivo,value_text,BME 24.9>=target+1.0 ma raggiunte 5 accensioni/notte
2026-09-13T05:12:41.754488Z,sonno_stato_rilevatore,value_text,ASLEEP
2026-09-13T05:12:51.762945Z,sonno_non_osservabile,value_text,ASLEEP
2026-09-13T05:12:51.772348Z,sonno_non_osservabile_motivo,value_text,target assente
2026-09-13T05:13:01.771349Z,sonno_segnale_recuperato,value_text,ASLEEP
2026-09-13T05:13:01.778522Z,sonno_segnale_recuperato_motivo,value_text,radar recuperato senza evidenza di risveglio; fermo: dist med=97.6cm IQR=0.0cm p10-p90=0.0cm shift=0.0cm; RR plausibile 16.0
2026-09-13T05:13:28.250705Z,protezione_blocco,value_text,max_azioni
2026-09-13T05:13:28.261042Z,protezione_blocco_motivo,value_text,BME 24.9>=target+1.0 ma raggiunte 5 accensioni/notte
2026-09-13T05:13:41.804965Z,sonno_stato_rilevatore,value_text,ASLEEP
2026-09-13T05:14:28.260912Z,protezione_blocco,value_text,max_azioni
2026-09-13T05:14:28.2683Z,protezione_blocco_motivo,value_text,BME 24.9>=target+1.0 ma raggiunte 5 accensioni/notte
2026-09-13T05:14:41.846832Z,sonno_stato_rilevatore,value_text,ASLEEP
2026-09-13T05:15:28.271777Z,protezione_blocco,value_text,max_azioni
2026-09-13T05:15:28.283108Z,protezione_blocco_motivo,value_text,BME 24.9>=target+1.0 ma raggiunte 5 accensioni/notte
2026-09-13T05:15:41.901225Z,sonno_stato_rilevatore,value_text,ASLEEP
2026-09-13T05:16:28.281976Z,protezione_blocco,value_text,max_azioni
2026-09-13T05:16:28.294287Z,protezione_blocco_motivo,value_text,BME 24.9>=target+1.0 ma raggiunte 5 accensioni/notte
2026-09-13T05:16:41.940913Z,sonno_stato_rilevatore,value_text,ASLEEP
2026-09-13T05:17:28.293206Z,protezione_blocco,value_text,max_azioni
2026-09-13T05:17:28.301432Z,protezione_blocco_motivo,value_text,BME 24.9>=target+1.0 ma raggiunte 5 accensioni/notte
2026-09-13T05:17:41.978355Z,sonno_stato_rilevatore,value_text,ASLEEP
2026-09-13T05:18:11.998454Z,sonno_possible_awake,value_text,movimento
2026-09-13T05:18:12.005729Z,sonno_possible_awake_motivo,value_text,movimento durante il sonno; range distanza p10-p90 alto (17.2cm)
2026-09-13T05:18:28.314549Z,protezione_blocco,value_text,max_azioni
2026-09-13T05:18:28.324567Z,protezione_blocco_motivo,value_text,BME 24.9>=target+1.0 ma raggiunte 5 accensioni/notte
2026-09-13T05:18:42.026719Z,sonno_stato_rilevatore,value_text,POSSIBLE_AWAKE
2026-09-13T05:19:22.039432Z,sonno_movimento_nel_sonno,value_text,ASLEEP
2026-09-13T05:19:22.047193Z,sonno_movimento_nel_sonno_motivo,value_text,movimento terminato prima di 90s; fermo: dist med=86.1cm IQR=5.7cm p10-p90=11.5cm shift=0.0cm; RR non plausibile 5.0
2026-09-13T05:19:28.299879Z,protezione_blocco,value_text,max_azioni
2026-09-13T05:19:28.310955Z,protezione_blocco_motivo,value_text,BME 24.9>=target+1.0 ma raggiunte 5 accensioni/notte
2026-09-13T05:19:42.058101Z,sonno_possible_awake,value_text,movimento
2026-09-13T05:19:42.064342Z,sonno_possible_awake_motivo,value_text,movimento durante il sonno; cambio posizione persistente (8.6cm)
2026-09-13T05:19:42.072043Z,sonno_stato_rilevatore,value_text,POSSIBLE_AWAKE
2026-09-13T05:19:52.069145Z,sonno_movimento_nel_sonno,value_text,ASLEEP
2026-09-13T05:19:52.078866Z,sonno_movimento_nel_sonno_motivo,value_text,movimento terminato prima di 90s; fermo: dist med=86.1cm IQR=5.7cm p10-p90=11.5cm shift=5.7cm; RR plausibile 24.0
2026-09-13T05:20:22.099753Z,sonno_possible_awake,value_text,movimento
2026-09-13T05:20:22.118761Z,sonno_possible_awake_motivo,value_text,movimento durante il sonno; range distanza p10-p90 alto (17.2cm)
2026-09-13T05:20:28.325575Z,protezione_blocco,value_text,max_azioni
2026-09-13T05:20:28.399826Z,protezione_blocco_motivo,value_text,BME 24.9>=target+1.0 ma raggiunte 5 accensioni/notte
2026-09-13T05:20:42.101164Z,sonno_stato_rilevatore,value_text,POSSIBLE_AWAKE
2026-09-13T05:21:12.121698Z,sonno_movimento_nel_sonno,value_text,ASLEEP
2026-09-13T05:21:12.129048Z,sonno_movimento_nel_sonno_motivo,value_text,movimento terminato prima di 90s; fermo: dist med=97.6cm IQR=5.7cm p10-p90=11.5cm shift=5.7cm; RR plausibile 12.0
2026-09-13T05:21:22.208028Z,sonno_possible_awake,value_text,movimento
2026-09-13T05:21:22.223123Z,sonno_possible_awake_motivo,value_text,movimento durante il sonno; IQR distanza alto (11.5cm)
2026-09-13T05:21:28.329822Z,protezione_blocco,value_text,max_azioni
2026-09-13T05:21:28.362338Z,protezione_blocco_motivo,value_text,BME 24.9>=target+1.0 ma raggiunte 5 accensioni/notte
2026-09-13T05:21:32.148453Z,sonno_non_osservabile,value_text,POSSIBLE_AWAKE
2026-09-13T05:21:32.1556Z,sonno_non_osservabile_motivo,value_text,target assente
2026-09-13T05:21:42.155842Z,sonno_stato_rilevatore,value_text,UNOBSERVABLE
2026-09-13T05:22:28.339674Z,protezione_blocco,value_text,max_azioni
2026-09-13T05:22:28.347399Z,protezione_blocco_motivo,value_text,BME 24.9>=target+1.0 ma raggiunte 5 accensioni/notte
2026-09-13T05:22:42.195867Z,sonno_segnale_recuperato,value_text,ASLEEP
2026-09-13T05:22:42.203609Z,sonno_segnale_recuperato_motivo,value_text,radar recuperato senza evidenza di risveglio; fermo: dist med=0.0cm IQR=0.0cm p10-p90=0.0cm shift=0.0cm; RR plausibile 11.0
2026-09-13T05:22:42.210438Z,sonno_stato_rilevatore,value_text,ASLEEP
2026-09-13T05:22:52.196322Z,sonno_possible_awake,value_text,movimento
2026-09-13T05:22:52.204286Z,sonno_possible_awake_motivo,value_text,movimento durante il sonno; range distanza p10-p90 alto (91.8cm)
2026-09-13T05:23:28.348851Z,protezione_blocco,value_text,max_azioni
2026-09-13T05:23:28.356494Z,protezione_blocco_motivo,value_text,BME 24.9>=target+1.0 ma raggiunte 5 accensioni/notte
2026-09-13T05:23:42.234893Z,sonno_stato_rilevatore,value_text,POSSIBLE_AWAKE
2026-09-13T05:24:22.260263Z,sonno_movimento_nel_sonno,value_text,ASLEEP
2026-09-13T05:24:22.267574Z,sonno_movimento_nel_sonno_motivo,value_text,movimento terminato prima di 90s; fermo: dist med=86.1cm IQR=5.7cm p10-p90=11.5cm shift=2.9cm; RR non plausibile 1.0
2026-09-13T05:24:28.359656Z,protezione_blocco,value_text,max_azioni
2026-09-13T05:24:28.367306Z,protezione_blocco_motivo,value_text,BME 24.9>=target+1.0 ma raggiunte 5 accensioni/notte
2026-09-13T05:24:42.276953Z,sonno_stato_rilevatore,value_text,ASLEEP
2026-09-13T05:25:28.36815Z,protezione_blocco,value_text,max_azioni
2026-09-13T05:25:28.374164Z,protezione_blocco_motivo,value_text,BME 24.9>=target+1.0 ma raggiunte 5 accensioni/notte
2026-09-13T05:25:42.319259Z,sonno_stato_rilevatore,value_text,ASLEEP
2026-09-13T05:25:52.325921Z,sonno_possible_awake,value_text,movimento
2026-09-13T05:25:52.334356Z,sonno_possible_awake_motivo,value_text,movimento durante il sonno; range distanza p10-p90 alto (17.2cm)
2026-09-13T05:26:28.617144Z,protezione_blocco,value_text,max_azioni
2026-09-13T05:26:28.623455Z,protezione_blocco_motivo,value_text,BME 24.9>=target+1.0 ma raggiunte 5 accensioni/notte
2026-09-13T05:26:42.358236Z,sonno_stato_rilevatore,value_text,POSSIBLE_AWAKE
2026-09-13T05:27:22.39381Z,sonno_risveglio_movimento,value_text,90s
2026-09-13T05:27:22.40163Z,sonno_risveglio_movimento_motivo,value_text,movimento persistente; IQR distanza alto (11.5cm)
2026-09-13T05:27:28.380407Z,protezione_blocco,value_text,max_azioni
2026-09-13T05:27:28.388645Z,protezione_blocco_motivo,value_text,BME 24.9>=target+1.0 ma raggiunte 5 accensioni/notte
2026-09-13T05:27:42.414684Z,sonno_stato_rilevatore,value_text,AWAKE
2026-09-13T05:28:28.390568Z,protezione_blocco,value_text,max_azioni
2026-09-13T05:28:28.398468Z,protezione_blocco_motivo,value_text,BME 24.9>=target+1.0 ma raggiunte 5 accensioni/notte
2026-09-13T05:28:42.453937Z,sonno_stato_rilevatore,value_text,AWAKE
2026-09-13T05:29:28.398376Z,protezione_blocco,value_text,max_azioni
2026-09-13T05:29:28.406496Z,protezione_blocco_motivo,value_text,BME 24.9>=target+1.0 ma raggiunte 5 accensioni/notte
2026-09-13T05:29:42.498693Z,sonno_stato_rilevatore,value_text,AWAKE
2026-09-13T05:30:02.516378Z,sonno_non_osservabile,value_text,AWAKE
2026-09-13T05:30:02.527858Z,sonno_non_osservabile_motivo,value_text,target assente
2026-09-13T05:30:12.527241Z,sonno_segnale_recuperato_movimento,value_text,POSSIBLE_AWAKE
2026-09-13T05:30:12.534476Z,sonno_segnale_recuperato_movimento_motivo,value_text,range distanza p10-p90 alto (80.4cm)
2026-09-13T05:30:28.407482Z,protezione_blocco,value_text,max_azioni
2026-09-13T05:30:28.415544Z,protezione_blocco_motivo,value_text,BME 24.9>=target+1.0 ma raggiunte 5 accensioni/notte
2026-09-13T05:30:42.550278Z,sonno_stato_rilevatore,value_text,POSSIBLE_AWAKE
2026-09-13T05:31:02.640583Z,sonno_movimento_nel_sonno,value_text,ASLEEP
2026-09-13T05:31:02.650978Z,sonno_movimento_nel_sonno_motivo,value_text,movimento terminato prima di 90s; fermo: dist med=74.6cm IQR=0.0cm p10-p90=5.7cm shift=0.0cm; RR non plausibile 1.0
2026-09-13T05:31:28.420227Z,protezione_blocco,value_text,max_azioni
2026-09-13T05:31:28.427423Z,protezione_blocco_motivo,value_text,BME 24.9>=target+1.0 ma raggiunte 5 accensioni/notte
2026-09-13T05:31:32.573484Z,sonno_possible_awake,value_text,movimento
2026-09-13T05:31:32.581439Z,sonno_possible_awake_motivo,value_text,movimento durante il sonno; cambio posizione persistente (8.6cm)
2026-09-13T05:31:42.583233Z,sonno_stato_rilevatore,value_text,POSSIBLE_AWAKE
2026-09-13T05:32:28.430882Z,protezione_blocco,value_text,max_azioni
2026-09-13T05:32:28.438226Z,protezione_blocco_motivo,value_text,BME 24.9>=target+1.0 ma raggiunte 5 accensioni/notte
2026-09-13T05:32:32.623076Z,sonno_movimento_nel_sonno,value_text,ASLEEP
2026-09-13T05:32:32.630589Z,sonno_movimento_nel_sonno_motivo,value_text,movimento terminato prima di 90s; fermo: dist med=74.6cm IQR=5.7cm p10-p90=11.5cm shift=5.7cm; RR plausibile 20.0
2026-09-13T05:32:42.631466Z,sonno_stato_rilevatore,value_text,ASLEEP
2026-09-13T05:33:28.434278Z,protezione_blocco,value_text,max_azioni
2026-09-13T05:33:28.441766Z,protezione_blocco_motivo,value_text,BME 24.9>=target+1.0 ma raggiunte 5 accensioni/notte
2026-09-13T05:33:42.679622Z,sonno_stato_rilevatore,value_text,ASLEEP
2026-09-13T05:34:28.445858Z,protezione_blocco,value_text,max_azioni
2026-09-13T05:34:28.4576Z,protezione_blocco_motivo,value_text,BME 24.9>=target+1.0 ma raggiunte 5 accensioni/notte
2026-09-13T05:34:42.729361Z,sonno_stato_rilevatore,value_text,ASLEEP
2026-09-13T05:35:12.750605Z,sonno_possible_awake,value_text,movimento
2026-09-13T05:35:12.758008Z,sonno_possible_awake_motivo,value_text,movimento durante il sonno; cambio posizione persistente (8.6cm)
2026-09-13T05:35:28.456922Z,protezione_blocco,value_text,max_azioni
2026-09-13T05:35:28.465111Z,protezione_blocco_motivo,value_text,BME 24.9>=target+1.0 ma raggiunte 5 accensioni/notte
2026-09-13T05:35:42.772911Z,sonno_movimento_nel_sonno,value_text,ASLEEP
2026-09-13T05:35:42.780785Z,sonno_movimento_nel_sonno_motivo,value_text,movimento terminato prima di 90s; fermo: dist med=86.1cm IQR=5.7cm p10-p90=11.5cm shift=0.0cm; RR plausibile 24.0
2026-09-13T05:35:42.787056Z,sonno_stato_rilevatore,value_text,ASLEEP
2026-09-13T05:35:52.780856Z,sonno_possible_awake,value_text,movimento
2026-09-13T05:35:52.792394Z,sonno_possible_awake_motivo,value_text,movimento durante il sonno; IQR distanza alto (11.5cm)
2026-09-13T05:36:28.467519Z,protezione_blocco,value_text,max_azioni
2026-09-13T05:36:28.475868Z,protezione_blocco_motivo,value_text,BME 24.9>=target+1.0 ma raggiunte 5 accensioni/notte
2026-09-13T05:36:42.809728Z,sonno_non_osservabile,value_text,POSSIBLE_AWAKE
2026-09-13T05:36:42.819673Z,sonno_non_osservabile_motivo,value_text,target assente
2026-09-13T05:36:42.826322Z,sonno_stato_rilevatore,value_text,UNOBSERVABLE
2026-09-13T05:37:28.476062Z,protezione_blocco,value_text,max_azioni
2026-09-13T05:37:28.486456Z,protezione_blocco_motivo,value_text,BME 24.9>=target+1.0 ma raggiunte 5 accensioni/notte
2026-09-13T05:37:42.855013Z,sonno_segnale_recuperato_movimento,value_text,POSSIBLE_AWAKE
2026-09-13T05:37:42.86209Z,sonno_segnale_recuperato_movimento_motivo,value_text,range distanza p10-p90 alto (91.8cm)
2026-09-13T05:37:42.869224Z,sonno_stato_rilevatore,value_text,POSSIBLE_AWAKE
2026-09-13T05:38:02.871669Z,sonno_non_osservabile,value_text,POSSIBLE_AWAKE
2026-09-13T05:38:02.878201Z,sonno_non_osservabile_motivo,value_text,target assente
2026-09-13T05:38:28.486782Z,protezione_blocco,value_text,max_azioni
2026-09-13T05:38:28.496941Z,protezione_blocco_motivo,value_text,BME 24.9>=target+1.0 ma raggiunte 5 accensioni/notte
2026-09-13T05:38:42.900757Z,sonno_stato_rilevatore,value_text,UNOBSERVABLE
2026-09-13T05:39:28.497571Z,protezione_blocco,value_text,max_azioni
2026-09-13T05:39:28.506216Z,protezione_blocco_motivo,value_text,BME 24.9>=target+1.0 ma raggiunte 5 accensioni/notte
2026-09-13T05:39:42.951128Z,sonno_stato_rilevatore,value_text,UNOBSERVABLE
2026-09-13T05:40:28.506927Z,protezione_blocco,value_text,max_azioni
2026-09-13T05:40:28.513923Z,protezione_blocco_motivo,value_text,BME 24.9>=target+1.0 ma raggiunte 5 accensioni/notte
2026-09-13T05:40:42.989649Z,sonno_stato_rilevatore,value_text,UNOBSERVABLE
2026-09-13T05:41:28.518253Z,protezione_blocco,value_text,max_azioni
2026-09-13T05:41:28.527981Z,protezione_blocco_motivo,value_text,BME 24.9>=target+1.0 ma raggiunte 5 accensioni/notte
2026-09-13T05:41:43.028398Z,sonno_stato_rilevatore,value_text,UNOBSERVABLE
2026-09-13T05:42:13.052775Z,sonno_segnale_recuperato_movimento,value_text,POSSIBLE_AWAKE
2026-09-13T05:42:13.062767Z,sonno_segnale_recuperato_movimento_motivo,value_text,range distanza p10-p90 alto (57.4cm)
2026-09-13T05:42:28.523104Z,protezione_blocco,value_text,max_azioni
2026-09-13T05:42:28.531382Z,protezione_blocco_motivo,value_text,BME 24.9>=target+1.0 ma raggiunte 5 accensioni/notte
2026-09-13T05:42:43.07648Z,sonno_stato_rilevatore,value_text,POSSIBLE_AWAKE
2026-09-13T05:43:03.094378Z,sonno_movimento_nel_sonno,value_text,ASLEEP
2026-09-13T05:43:03.102117Z,sonno_movimento_nel_sonno_motivo,value_text,movimento terminato prima di 90s; fermo: dist med=63.1cm IQR=0.0cm p10-p90=5.7cm shift=0.0cm; RR non plausibile 1.0
2026-09-13T05:43:13.101827Z,sonno_non_osservabile,value_text,ASLEEP
2026-09-13T05:43:13.108795Z,sonno_non_osservabile_motivo,value_text,target assente
2026-09-13T05:43:28.531099Z,protezione_blocco,value_text,max_azioni
2026-09-13T05:43:28.539374Z,protezione_blocco_motivo,value_text,BME 24.9>=target+1.0 ma raggiunte 5 accensioni/notte
2026-09-13T05:43:43.362128Z,sonno_stato_rilevatore,value_text,UNOBSERVABLE
2026-09-13T05:44:13.135203Z,sonno_segnale_recuperato_movimento,value_text,POSSIBLE_AWAKE
2026-09-13T05:44:13.141638Z,sonno_segnale_recuperato_movimento_motivo,value_text,IQR distanza alto (63.1cm)
2026-09-13T05:44:28.535918Z,protezione_blocco,value_text,max_azioni
2026-09-13T05:44:28.54241Z,protezione_blocco_motivo,value_text,BME 24.9>=target+1.0 ma raggiunte 5 accensioni/notte
2026-09-13T05:44:43.147436Z,sonno_movimento_nel_sonno,value_text,ASLEEP
2026-09-13T05:44:43.15795Z,sonno_movimento_nel_sonno_motivo,value_text,movimento terminato prima di 90s; fermo: dist med=63.1cm IQR=0.0cm p10-p90=5.7cm shift=0.0cm; RR non recente (45s)
2026-09-13T05:44:43.164029Z,sonno_stato_rilevatore,value_text,ASLEEP
2026-09-13T05:45:28.542618Z,protezione_blocco,value_text,max_azioni
2026-09-13T05:45:28.553002Z,protezione_blocco_motivo,value_text,BME 25.0>=target+1.0 ma raggiunte 5 accensioni/notte
2026-09-13T05:45:43.195148Z,sonno_stato_rilevatore,value_text,ASLEEP
2026-09-13T05:46:28.553127Z,protezione_blocco,value_text,max_azioni
2026-09-13T05:46:28.584022Z,protezione_blocco_motivo,value_text,BME 25.0>=target+1.0 ma raggiunte 5 accensioni/notte
2026-09-13T05:46:43.24484Z,sonno_stato_rilevatore,value_text,ASLEEP
2026-09-13T05:47:28.561808Z,protezione_blocco,value_text,max_azioni
2026-09-13T05:47:28.569618Z,protezione_blocco_motivo,value_text,BME 25.0>=target+1.0 ma raggiunte 5 accensioni/notte
2026-09-13T05:47:43.283189Z,sonno_stato_rilevatore,value_text,ASLEEP
2026-09-13T05:48:28.547241Z,protezione_blocco,value_text,max_azioni
2026-09-13T05:48:28.554449Z,protezione_blocco_motivo,value_text,BME 25.0>=target+1.0 ma raggiunte 5 accensioni/notte
2026-09-13T05:48:43.296905Z,sonno_stato_rilevatore,value_text,ASLEEP
2026-09-13T05:49:28.543274Z,protezione_blocco,value_text,max_azioni
2026-09-13T05:49:28.551343Z,protezione_blocco_motivo,value_text,BME 25.0>=target+1.0 ma raggiunte 5 accensioni/notte
2026-09-13T05:49:43.342375Z,sonno_stato_rilevatore,value_text,ASLEEP
2026-09-13T05:50:28.552466Z,protezione_blocco,value_text,max_azioni
2026-09-13T05:50:28.561643Z,protezione_blocco_motivo,value_text,BME 25.0>=target+1.0 ma raggiunte 5 accensioni/notte
2026-09-13T05:50:43.387804Z,sonno_stato_rilevatore,value_text,ASLEEP
2026-09-13T05:51:23.416907Z,sonno_possible_awake,value_text,movimento
2026-09-13T05:51:23.42499Z,sonno_possible_awake_motivo,value_text,movimento durante il sonno; range distanza p10-p90 alto (17.2cm)
2026-09-13T05:51:28.562863Z,protezione_blocco,value_text,max_azioni
2026-09-13T05:51:28.571938Z,protezione_blocco_motivo,value_text,BME 25.0>=target+1.0 ma raggiunte 5 accensioni/notte
2026-09-13T05:51:43.43746Z,sonno_stato_rilevatore,value_text,POSSIBLE_AWAKE
2026-09-13T05:51:53.447144Z,sonno_movimento_nel_sonno,value_text,ASLEEP
2026-09-13T05:51:53.456047Z,sonno_movimento_nel_sonno_motivo,value_text,movimento terminato prima di 90s; fermo: dist med=74.6cm IQR=5.7cm p10-p90=11.5cm shift=5.7cm; RR non plausibile 1.0
2026-09-13T05:52:28.57035Z,protezione_blocco,value_text,max_azioni
2026-09-13T05:52:28.580161Z,protezione_blocco_motivo,value_text,BME 25.0>=target+1.0 ma raggiunte 5 accensioni/notte
2026-09-13T05:52:43.49518Z,sonno_stato_rilevatore,value_text,ASLEEP
2026-09-13T05:53:03.513375Z,sonno_possible_awake,value_text,movimento
2026-09-13T05:53:03.520535Z,sonno_possible_awake_motivo,value_text,movimento durante il sonno; range distanza p10-p90 alto (28.7cm)
2026-09-13T05:53:28.578719Z,protezione_blocco,value_text,max_azioni
2026-09-13T05:53:28.58862Z,protezione_blocco_motivo,value_text,BME 25.0>=target+1.0 ma raggiunte 5 accensioni/notte
2026-09-13T05:53:43.533037Z,sonno_stato_rilevatore,value_text,POSSIBLE_AWAKE
2026-09-13T05:54:13.556938Z,sonno_movimento_nel_sonno,value_text,ASLEEP
2026-09-13T05:54:13.563472Z,sonno_movimento_nel_sonno_motivo,value_text,movimento terminato prima di 90s; fermo: dist med=57.4cm IQR=5.7cm p10-p90=5.7cm shift=2.9cm; RR non plausibile 1.0
2026-09-13T05:54:28.579782Z,protezione_blocco,value_text,max_azioni
2026-09-13T05:54:28.588691Z,protezione_blocco_motivo,value_text,BME 25.0>=target+1.0 ma raggiunte 5 accensioni/notte
2026-09-13T05:54:43.582694Z,sonno_stato_rilevatore,value_text,ASLEEP
2026-09-13T05:55:13.595161Z,sonno_possible_awake,value_text,movimento
2026-09-13T05:55:13.603212Z,sonno_possible_awake_motivo,value_text,movimento durante il sonno; range distanza p10-p90 alto (17.2cm)
2026-09-13T05:55:28.58992Z,protezione_blocco,value_text,max_azioni
2026-09-13T05:55:28.599548Z,protezione_blocco_motivo,value_text,BME 25.0>=target+1.0 ma raggiunte 5 accensioni/notte
2026-09-13T05:55:43.619823Z,sonno_stato_rilevatore,value_text,POSSIBLE_AWAKE
2026-09-13T05:56:28.591738Z,protezione_blocco,value_text,max_azioni
2026-09-13T05:56:28.600484Z,protezione_blocco_motivo,value_text,BME 25.0>=target+1.0 ma raggiunte 5 accensioni/notte
2026-09-13T05:56:43.657596Z,sonno_risveglio_movimento,value_text,90s
2026-09-13T05:56:43.673365Z,sonno_risveglio_movimento_motivo,value_text,movimento persistente; IQR distanza alto (51.7cm)
2026-09-13T05:56:43.687295Z,sonno_stato_rilevatore,value_text,AWAKE
2026-09-13T05:57:28.601752Z,protezione_blocco,value_text,max_azioni
2026-09-13T05:57:28.610476Z,protezione_blocco_motivo,value_text,BME 25.0>=target+1.0 ma raggiunte 5 accensioni/notte
2026-09-13T05:57:43.705524Z,sonno_stato_rilevatore,value_text,AWAKE
2026-09-13T05:57:53.714491Z,sonno_non_osservabile,value_text,AWAKE
2026-09-13T05:57:53.730035Z,sonno_non_osservabile_motivo,value_text,target assente
2026-09-13T05:58:28.610057Z,protezione_blocco,value_text,max_azioni
2026-09-13T05:58:28.618595Z,protezione_blocco_motivo,value_text,BME 25.0>=target+1.0 ma raggiunte 5 accensioni/notte
2026-09-13T05:58:43.75091Z,sonno_stato_rilevatore,value_text,UNOBSERVABLE
2026-09-13T05:58:53.753498Z,sonno_segnale_recuperato_movimento,value_text,POSSIBLE_AWAKE
2026-09-13T05:58:53.774783Z,sonno_segnale_recuperato_movimento_motivo,value_text,IQR distanza alto (57.4cm)
2026-09-13T05:59:28.613497Z,protezione_blocco,value_text,max_azioni
2026-09-13T05:59:28.621632Z,protezione_blocco_motivo,value_text,BME 25.0>=target+1.0 ma raggiunte 5 accensioni/notte
2026-09-13T05:59:43.794544Z,sonno_stato_rilevatore,value_text,POSSIBLE_AWAKE
2026-09-13T06:00:03.808963Z,sonno_movimento_nel_sonno,value_text,ASLEEP
2026-09-13T06:00:03.825537Z,sonno_movimento_nel_sonno_motivo,value_text,movimento terminato prima di 90s; fermo: dist med=57.4cm IQR=0.0cm p10-p90=0.0cm shift=0.0cm; RR non plausibile 1.0
2026-09-13T06:00:28.61474Z,protezione_blocco,value_text,max_azioni
2026-09-13T06:00:28.62425Z,protezione_blocco_motivo,value_text,BME 25.0>=target+1.0 ma raggiunte 5 accensioni/notte
2026-09-13T06:00:43.838286Z,sonno_stato_rilevatore,value_text,ASLEEP
2026-09-13T06:01:13.865553Z,sonno_possible_awake,value_text,movimento
2026-09-13T06:01:13.881309Z,sonno_possible_awake_motivo,value_text,movimento durante il sonno; range distanza p10-p90 alto (28.7cm)
2026-09-13T06:01:28.625132Z,protezione_blocco,value_text,max_azioni
2026-09-13T06:01:28.632459Z,protezione_blocco_motivo,value_text,BME 25.0>=target+1.0 ma raggiunte 5 accensioni/notte
2026-09-13T06:01:43.891621Z,sonno_stato_rilevatore,value_text,POSSIBLE_AWAKE
2026-09-13T06:01:53.8998Z,sonno_movimento_nel_sonno,value_text,ASLEEP
2026-09-13T06:01:53.912847Z,sonno_movimento_nel_sonno_motivo,value_text,movimento terminato prima di 90s; fermo: dist med=80.4cm IQR=5.7cm p10-p90=11.5cm shift=0.0cm; RR plausibile 10.0
2026-09-13T06:02:28.632791Z,protezione_blocco,value_text,max_azioni
2026-09-13T06:02:28.639929Z,protezione_blocco_motivo,value_text,BME 25.0>=target+1.0 ma raggiunte 5 accensioni/notte
2026-09-13T06:02:33.929166Z,sonno_possible_awake,value_text,movimento
2026-09-13T06:02:33.94573Z,sonno_possible_awake_motivo,value_text,movimento durante il sonno; IQR distanza alto (11.5cm)
2026-09-13T06:02:43.939886Z,sonno_stato_rilevatore,value_text,POSSIBLE_AWAKE
2026-09-13T06:02:53.941553Z,sonno_non_osservabile,value_text,POSSIBLE_AWAKE
2026-09-13T06:02:53.958659Z,sonno_non_osservabile_motivo,value_text,target assente
2026-09-13T06:03:28.635832Z,protezione_blocco,value_text,max_azioni
2026-09-13T06:03:28.64544Z,protezione_blocco_motivo,value_text,BME 25.0>=target+1.0 ma raggiunte 5 accensioni/notte
2026-09-13T06:03:43.978195Z,sonno_stato_rilevatore,value_text,UNOBSERVABLE
2026-09-13T06:03:53.988126Z,sonno_segnale_recuperato_movimento,value_text,POSSIBLE_AWAKE
2026-09-13T06:03:54.00583Z,sonno_segnale_recuperato_movimento_motivo,value_text,IQR distanza alto (91.8cm)
2026-09-13T06:04:03.997545Z,sonno_non_osservabile,value_text,POSSIBLE_AWAKE
2026-09-13T06:04:04.005062Z,sonno_non_osservabile_motivo,value_text,target assente
2026-09-13T06:04:28.638453Z,protezione_blocco,value_text,max_azioni
2026-09-13T06:04:28.646889Z,protezione_blocco_motivo,value_text,BME 25.0>=target+1.0 ma raggiunte 5 accensioni/notte
2026-09-13T06:04:44.028511Z,sonno_stato_rilevatore,value_text,UNOBSERVABLE
2026-09-13T06:05:28.647803Z,protezione_blocco,value_text,max_azioni
2026-09-13T06:05:28.656761Z,protezione_blocco_motivo,value_text,BME 25.0>=target+1.0 ma raggiunte 5 accensioni/notte
2026-09-13T06:05:44.07419Z,sonno_stato_rilevatore,value_text,UNOBSERVABLE
2026-09-13T06:06:04.088155Z,sonno_segnale_recuperato_movimento,value_text,POSSIBLE_AWAKE
2026-09-13T06:06:04.103929Z,sonno_segnale_recuperato_movimento_motivo,value_text,range distanza p10-p90 alto (80.4cm)
2026-09-13T06:06:14.096519Z,sonno_non_osservabile,value_text,POSSIBLE_AWAKE
2026-09-13T06:06:14.105071Z,sonno_non_osservabile_motivo,value_text,target assente
2026-09-13T06:06:28.657266Z,protezione_blocco,value_text,max_azioni
2026-09-13T06:06:28.665681Z,protezione_blocco_motivo,value_text,BME 25.0>=target+1.0 ma raggiunte 5 accensioni/notte
2026-09-13T06:06:44.1233Z,sonno_stato_rilevatore,value_text,UNOBSERVABLE
2026-09-13T06:07:14.147797Z,sonno_segnale_recuperato_movimento,value_text,POSSIBLE_AWAKE
2026-09-13T06:07:14.157999Z,sonno_segnale_recuperato_movimento_motivo,value_text,range distanza p10-p90 alto (17.2cm)
2026-09-13T06:07:28.658633Z,protezione_blocco,value_text,max_azioni
2026-09-13T06:07:28.666331Z,protezione_blocco_motivo,value_text,BME 25.0>=target+1.0 ma raggiunte 5 accensioni/notte
2026-09-13T06:07:34.168425Z,sonno_movimento_nel_sonno,value_text,ASLEEP
2026-09-13T06:07:34.175185Z,sonno_movimento_nel_sonno_motivo,value_text,movimento terminato prima di 90s; fermo: dist med=68.9cm IQR=0.0cm p10-p90=5.7cm shift=0.0cm; RR non recente (39s)
2026-09-13T06:07:44.177597Z,sonno_stato_rilevatore,value_text,ASLEEP
2026-09-13T06:08:28.66198Z,protezione_blocco,value_text,max_azioni
2026-09-13T06:08:28.669596Z,protezione_blocco_motivo,value_text,BME 25.0>=target+1.0 ma raggiunte 5 accensioni/notte
2026-09-13T06:08:44.206344Z,sonno_stato_rilevatore,value_text,ASLEEP
2026-09-13T06:09:28.665467Z,protezione_blocco,value_text,max_azioni
2026-09-13T06:09:28.675372Z,protezione_blocco_motivo,value_text,BME 25.0>=target+1.0 ma raggiunte 5 accensioni/notte
2026-09-13T06:09:44.246177Z,sonno_stato_rilevatore,value_text,ASLEEP
2026-09-13T06:10:24.282811Z,sonno_possible_awake,value_text,movimento
2026-09-13T06:10:24.290747Z,sonno_possible_awake_motivo,value_text,movimento durante il sonno; range distanza p10-p90 alto (17.2cm)
2026-09-13T06:10:28.676305Z,protezione_blocco,value_text,max_azioni
2026-09-13T06:10:28.684164Z,protezione_blocco_motivo,value_text,BME 25.0>=target+1.0 ma raggiunte 5 accensioni/notte
2026-09-13T06:10:44.301232Z,sonno_stato_rilevatore,value_text,POSSIBLE_AWAKE
2026-09-13T06:11:28.686564Z,protezione_blocco,value_text,max_azioni
2026-09-13T06:11:28.694562Z,protezione_blocco_motivo,value_text,BME 25.0>=target+1.0 ma raggiunte 5 accensioni/notte
2026-09-13T06:11:34.342595Z,sonno_movimento_nel_sonno,value_text,ASLEEP
2026-09-13T06:11:34.351293Z,sonno_movimento_nel_sonno_motivo,value_text,movimento terminato prima di 90s; fermo: dist med=74.6cm IQR=5.7cm p10-p90=11.5cm shift=5.7cm; RR plausibile 20.0
2026-09-13T06:11:44.346235Z,sonno_stato_rilevatore,value_text,ASLEEP
2026-09-13T06:12:28.694753Z,protezione_blocco,value_text,max_azioni
2026-09-13T06:12:28.701628Z,protezione_blocco_motivo,value_text,BME 25.0>=target+1.0 ma raggiunte 5 accensioni/notte
2026-09-13T06:12:44.391796Z,sonno_stato_rilevatore,value_text,ASLEEP
2026-09-13T06:13:28.867432Z,protezione_blocco,value_text,max_azioni
2026-09-13T06:13:28.87368Z,protezione_blocco_motivo,value_text,BME 25.0>=target+1.0 ma raggiunte 5 accensioni/notte
2026-09-13T06:13:44.438858Z,sonno_stato_rilevatore,value_text,ASLEEP
2026-09-13T06:13:54.441708Z,sonno_possible_awake,value_text,movimento
2026-09-13T06:13:54.449565Z,sonno_possible_awake_motivo,value_text,movimento durante il sonno; cambio posizione persistente (8.6cm)
2026-09-13T06:14:04.45009Z,sonno_movimento_nel_sonno,value_text,ASLEEP
2026-09-13T06:14:04.463197Z,sonno_movimento_nel_sonno_motivo,value_text,movimento terminato prima di 90s; fermo: dist med=68.9cm IQR=5.7cm p10-p90=11.5cm shift=5.7cm; RR non plausibile 1.0
2026-09-13T06:14:28.711933Z,protezione_blocco,value_text,max_azioni
2026-09-13T06:14:28.723004Z,protezione_blocco_motivo,value_text,BME 25.0>=target+1.0 ma raggiunte 5 accensioni/notte
2026-09-13T06:14:44.473697Z,sonno_stato_rilevatore,value_text,ASLEEP
2026-09-13T06:15:24.505764Z,sonno_possible_awake,value_text,movimento
2026-09-13T06:15:24.517438Z,sonno_possible_awake_motivo,value_text,movimento durante il sonno; IQR distanza alto (17.2cm)
2026-09-13T06:15:28.71927Z,protezione_blocco,value_text,max_azioni
2026-09-13T06:15:28.735268Z,protezione_blocco_motivo,value_text,BME 25.0>=target+1.0 ma raggiunte 5 accensioni/notte
2026-09-13T06:15:44.515149Z,sonno_stato_rilevatore,value_text,POSSIBLE_AWAKE
2026-09-13T06:16:04.533958Z,sonno_movimento_nel_sonno,value_text,ASLEEP
2026-09-13T06:16:04.545334Z,sonno_movimento_nel_sonno_motivo,value_text,movimento terminato prima di 90s; fermo: dist med=86.1cm IQR=0.0cm p10-p90=0.0cm shift=0.0cm; RR plausibile 14.0
2026-09-13T06:16:28.724572Z,protezione_blocco,value_text,max_azioni
2026-09-13T06:16:28.753853Z,protezione_blocco_motivo,value_text,BME 25.0>=target+1.0 ma raggiunte 5 accensioni/notte
2026-09-13T06:16:44.563207Z,sonno_stato_rilevatore,value_text,ASLEEP
2026-09-13T06:17:28.735841Z,protezione_blocco,value_text,max_azioni
2026-09-13T06:17:28.763449Z,protezione_blocco_motivo,value_text,BME 25.0>=target+1.0 ma raggiunte 5 accensioni/notte
2026-09-13T06:17:44.601791Z,sonno_stato_rilevatore,value_text,ASLEEP
2026-09-13T06:18:28.750009Z,protezione_blocco,value_text,max_azioni
2026-09-13T06:18:28.757323Z,protezione_blocco_motivo,value_text,BME 25.0>=target+1.0 ma raggiunte 5 accensioni/notte
2026-09-13T06:18:44.652436Z,sonno_stato_rilevatore,value_text,ASLEEP
2026-09-13T06:19:28.760233Z,protezione_blocco,value_text,max_azioni
2026-09-13T06:19:28.77068Z,protezione_blocco_motivo,value_text,BME 25.0>=target+1.0 ma raggiunte 5 accensioni/notte
2026-09-13T06:19:44.689516Z,sonno_stato_rilevatore,value_text,ASLEEP
2026-09-13T06:20:28.762372Z,protezione_blocco,value_text,max_azioni
2026-09-13T06:20:28.786778Z,protezione_blocco_motivo,value_text,BME 25.0>=target+1.0 ma raggiunte 5 accensioni/notte
2026-09-13T06:20:44.781654Z,sonno_stato_rilevatore,value_text,ASLEEP
2026-09-13T06:21:28.778408Z,protezione_blocco,value_text,max_azioni
2026-09-13T06:21:28.787609Z,protezione_blocco_motivo,value_text,BME 25.0>=target+1.0 ma raggiunte 5 accensioni/notte
2026-09-13T06:21:44.802058Z,sonno_stato_rilevatore,value_text,ASLEEP
2026-09-13T06:22:24.837187Z,sonno_possible_awake,value_text,movimento
2026-09-13T06:22:24.8463Z,sonno_possible_awake_motivo,value_text,movimento durante il sonno; range distanza p10-p90 alto (17.2cm)
2026-09-13T06:22:28.805898Z,protezione_blocco,value_text,max_azioni
2026-09-13T06:22:28.815356Z,protezione_blocco_motivo,value_text,BME 25.0>=target+1.0 ma raggiunte 5 accensioni/notte
2026-09-13T06:22:44.849045Z,sonno_stato_rilevatore,value_text,POSSIBLE_AWAKE
2026-09-13T06:23:24.883359Z,sonno_movimento_nel_sonno,value_text,ASLEEP
2026-09-13T06:23:24.891686Z,sonno_movimento_nel_sonno_motivo,value_text,movimento terminato prima di 90s; fermo: dist med=86.1cm IQR=5.7cm p10-p90=11.5cm shift=5.7cm; RR plausibile 7.0
2026-09-13T06:23:28.813156Z,protezione_blocco,value_text,max_azioni
2026-09-13T06:23:28.820332Z,protezione_blocco_motivo,value_text,BME 25.0>=target+1.0 ma raggiunte 5 accensioni/notte
2026-09-13T06:23:44.904024Z,sonno_stato_rilevatore,value_text,ASLEEP
2026-09-13T06:24:28.823628Z,protezione_blocco,value_text,max_azioni
2026-09-13T06:24:28.829039Z,protezione_blocco_motivo,value_text,BME 25.0>=target+1.0 ma raggiunte 5 accensioni/notte
2026-09-13T06:24:44.947595Z,sonno_stato_rilevatore,value_text,ASLEEP
2026-09-13T06:25:28.870019Z,protezione_blocco,value_text,max_azioni
2026-09-13T06:25:28.88463Z,protezione_blocco_motivo,value_text,BME 25.0>=target+1.0 ma raggiunte 5 accensioni/notte
2026-09-13T06:25:44.991134Z,sonno_stato_rilevatore,value_text,ASLEEP
2026-09-13T06:26:28.845959Z,protezione_blocco,value_text,max_azioni
2026-09-13T06:26:28.854379Z,protezione_blocco_motivo,value_text,BME 25.0>=target+1.0 ma raggiunte 5 accensioni/notte
2026-09-13T06:26:45.057583Z,sonno_stato_rilevatore,value_text,ASLEEP
2026-09-13T06:27:28.852936Z,protezione_blocco,value_text,max_azioni
2026-09-13T06:27:28.861649Z,protezione_blocco_motivo,value_text,BME 25.0>=target+1.0 ma raggiunte 5 accensioni/notte
2026-09-13T06:27:45.099458Z,sonno_stato_rilevatore,value_text,ASLEEP
2026-09-13T06:28:28.863918Z,protezione_blocco,value_text,max_azioni
2026-09-13T06:28:28.870997Z,protezione_blocco_motivo,value_text,BME 25.0>=target+1.0 ma raggiunte 5 accensioni/notte
2026-09-13T06:28:45.149861Z,sonno_stato_rilevatore,value_text,ASLEEP
2026-09-13T06:29:28.874673Z,protezione_blocco,value_text,max_azioni
2026-09-13T06:29:28.884397Z,protezione_blocco_motivo,value_text,BME 25.0>=target+1.0 ma raggiunte 5 accensioni/notte
2026-09-13T06:29:45.194922Z,sonno_stato_rilevatore,value_text,ASLEEP
2026-09-13T06:30:28.885436Z,protezione_blocco,value_text,max_azioni
2026-09-13T06:30:28.897025Z,protezione_blocco_motivo,value_text,BME 25.0>=target+1.0 ma raggiunte 5 accensioni/notte
2026-09-13T06:30:45.253889Z,sonno_stato_rilevatore,value_text,ASLEEP
2026-09-13T06:31:28.895207Z,protezione_blocco,value_text,max_azioni
2026-09-13T06:31:28.927326Z,protezione_blocco_motivo,value_text,BME 25.0>=target+1.0 ma raggiunte 5 accensioni/notte
2026-09-13T06:31:45.299149Z,sonno_stato_rilevatore,value_text,ASLEEP
2026-09-13T06:32:05.320267Z,sonno_possible_awake,value_text,movimento
2026-09-13T06:32:05.33314Z,sonno_possible_awake_motivo,value_text,movimento durante il sonno; IQR distanza alto (11.5cm)
2026-09-13T06:32:28.903958Z,protezione_blocco,value_text,max_azioni
2026-09-13T06:32:28.91183Z,protezione_blocco_motivo,value_text,BME 25.0>=target+1.0 ma raggiunte 5 accensioni/notte
2026-09-13T06:32:45.450452Z,sonno_movimento_nel_sonno,value_text,ASLEEP
2026-09-13T06:32:45.456873Z,sonno_movimento_nel_sonno_motivo,value_text,movimento terminato prima di 90s; fermo: dist med=74.6cm IQR=0.0cm p10-p90=5.7cm shift=0.0cm; RR non plausibile 1.0
2026-09-13T06:32:45.464467Z,sonno_stato_rilevatore,value_text,ASLEEP
2026-09-13T06:33:28.912139Z,protezione_blocco,value_text,max_azioni
2026-09-13T06:33:28.921474Z,protezione_blocco_motivo,value_text,BME 25.0>=target+1.0 ma raggiunte 5 accensioni/notte
2026-09-13T06:33:45.382579Z,sonno_stato_rilevatore,value_text,ASLEEP
2026-09-13T06:34:28.921261Z,protezione_blocco,value_text,max_azioni
2026-09-13T06:34:28.929434Z,protezione_blocco_motivo,value_text,BME 25.0>=target+1.0 ma raggiunte 5 accensioni/notte
2026-09-13T06:34:45.462133Z,sonno_stato_rilevatore,value_text,ASLEEP
2026-09-13T06:35:28.929087Z,protezione_blocco,value_text,max_azioni
2026-09-13T06:35:28.944968Z,protezione_blocco_motivo,value_text,BME 25.0>=target+1.0 ma raggiunte 5 accensioni/notte
2026-09-13T06:35:45.473449Z,sonno_stato_rilevatore,value_text,ASLEEP
2026-09-13T06:36:28.98909Z,protezione_blocco,value_text,max_azioni
2026-09-13T06:36:28.994929Z,protezione_blocco_motivo,value_text,BME 25.0>=target+1.0 ma raggiunte 5 accensioni/notte
2026-09-13T06:36:45.517582Z,sonno_stato_rilevatore,value_text,ASLEEP
2026-09-13T06:37:28.9449Z,protezione_blocco,value_text,max_azioni
2026-09-13T06:37:29.000161Z,protezione_blocco_motivo,value_text,BME 25.0>=target+1.0 ma raggiunte 5 accensioni/notte
2026-09-13T06:37:45.570198Z,sonno_stato_rilevatore,value_text,ASLEEP
2026-09-13T06:38:28.955665Z,protezione_blocco,value_text,max_azioni
2026-09-13T06:38:28.962667Z,protezione_blocco_motivo,value_text,BME 25.0>=target+1.0 ma raggiunte 5 accensioni/notte
2026-09-13T06:38:45.61086Z,sonno_stato_rilevatore,value_text,ASLEEP
2026-09-13T06:39:28.965899Z,protezione_blocco,value_text,max_azioni
2026-09-13T06:39:28.972147Z,protezione_blocco_motivo,value_text,BME 25.0>=target+1.0 ma raggiunte 5 accensioni/notte
2026-09-13T06:39:45.65575Z,sonno_stato_rilevatore,value_text,ASLEEP
2026-09-13T06:40:15.685804Z,sonno_possible_awake,value_text,movimento
2026-09-13T06:40:15.69631Z,sonno_possible_awake_motivo,value_text,movimento durante il sonno; range distanza p10-p90 alto (17.2cm)
2026-09-13T06:40:28.968864Z,protezione_blocco,value_text,max_azioni
2026-09-13T06:40:28.97618Z,protezione_blocco_motivo,value_text,BME 25.0>=target+1.0 ma raggiunte 5 accensioni/notte
2026-09-13T06:40:45.71224Z,sonno_stato_rilevatore,value_text,POSSIBLE_AWAKE
2026-09-13T06:41:05.732747Z,sonno_movimento_nel_sonno,value_text,ASLEEP
2026-09-13T06:41:05.739863Z,sonno_movimento_nel_sonno_motivo,value_text,movimento terminato prima di 90s; fermo: dist med=97.6cm IQR=5.7cm p10-p90=11.5cm shift=5.7cm; RR non plausibile 2.0
2026-09-13T06:41:25.753659Z,sonno_non_osservabile,value_text,ASLEEP
2026-09-13T06:41:25.762827Z,sonno_non_osservabile_motivo,value_text,target assente
2026-09-13T06:41:28.97871Z,protezione_blocco,value_text,max_azioni
2026-09-13T06:41:28.989432Z,protezione_blocco_motivo,value_text,BME 25.0>=target+1.0 ma raggiunte 5 accensioni/notte
2026-09-13T06:41:45.772731Z,sonno_stato_rilevatore,value_text,UNOBSERVABLE
2026-09-13T06:42:25.796259Z,sonno_segnale_recuperato_movimento,value_text,POSSIBLE_AWAKE
2026-09-13T06:42:25.805433Z,sonno_segnale_recuperato_movimento_motivo,value_text,IQR distanza alto (97.6cm)
2026-09-13T06:42:28.987844Z,protezione_blocco,value_text,max_azioni
2026-09-13T06:42:28.995654Z,protezione_blocco_motivo,value_text,BME 25.0>=target+1.0 ma raggiunte 5 accensioni/notte
2026-09-13T06:42:45.816929Z,sonno_stato_rilevatore,value_text,POSSIBLE_AWAKE
2026-09-13T06:43:28.995181Z,protezione_blocco,value_text,max_azioni
2026-09-13T06:43:29.004466Z,protezione_blocco_motivo,value_text,BME 25.0>=target+1.0 ma raggiunte 5 accensioni/notte
2026-09-13T06:43:45.862829Z,sonno_movimento_nel_sonno,value_text,ASLEEP
2026-09-13T06:43:45.87095Z,sonno_movimento_nel_sonno_motivo,value_text,movimento terminato prima di 90s; fermo: dist med=80.4cm IQR=0.0cm p10-p90=11.5cm shift=0.0cm; RR non recente (44s)
2026-09-13T06:43:45.880793Z,sonno_stato_rilevatore,value_text,ASLEEP
2026-09-13T06:44:29.006135Z,protezione_blocco,value_text,max_azioni
2026-09-13T06:44:29.01409Z,protezione_blocco_motivo,value_text,BME 25.0>=target+1.0 ma raggiunte 5 accensioni/notte
2026-09-13T06:44:45.905154Z,sonno_stato_rilevatore,value_text,ASLEEP
2026-09-13T06:45:25.933784Z,sonno_possible_awake,value_text,movimento
2026-09-13T06:45:25.945526Z,sonno_possible_awake_motivo,value_text,movimento durante il sonno; range distanza p10-p90 alto (17.2cm)
2026-09-13T06:45:29.017343Z,protezione_blocco,value_text,max_azioni
2026-09-13T06:45:29.028489Z,protezione_blocco_motivo,value_text,BME 25.0>=target+1.0 ma raggiunte 5 accensioni/notte
2026-09-13T06:45:45.958994Z,sonno_stato_rilevatore,value_text,POSSIBLE_AWAKE
2026-09-13T06:46:29.029889Z,protezione_blocco,value_text,max_azioni
2026-09-13T06:46:29.040099Z,protezione_blocco_motivo,value_text,BME 25.0>=target+1.0 ma raggiunte 5 accensioni/notte
2026-09-13T06:46:46.0071Z,sonno_stato_rilevatore,value_text,POSSIBLE_AWAKE
2026-09-13T06:46:56.012269Z,sonno_risveglio_movimento,value_text,90s
2026-09-13T06:46:56.026929Z,sonno_risveglio_movimento_motivo,value_text,movimento persistente; IQR distanza alto (103.3cm)
2026-09-13T06:46:56.593163Z,audio_ferma_motivo,value_text,fine pre-sonno
2026-09-13T06:46:59.182Z,luci_spegni_motivo,value_text,spegnimento reale
